Empoyee_No,Empoyee_Name,FirstName,LastName,JobGrade,Contract_Type,Birthday,Status,Sex,Age,Update_DT,Create_DT


,
,,
,,,
,,,,
,,,,,
,,,,,,
,,,,,,,
,,,,,,,,
,,,,,,,,,
,,,,,,,,,,
,,,,,,,,,,,
Test,,,,,,,,,,,
Test,Test,,,,,,,,,,
Test,Test,Test,,,,,,,,,
Test,Test,Test,Test,,,,,,,,
Test,Test,Test,Test,Test,,,,,,,
Test,Test,Test,Test,Test,Test,,,,,,
Test,Test,Test,Test,Test,Test,Test,,,,,
Test,Test,Test,Test,Test,Test,Test,Test,,,,
Test,Test,Test,Test,Test,Test,Test,Test,Test,,,
Test,Test,Test,Test,Test,Test,Test,Test,Test,Test,,
Test,Test,Test,Test,Test,Test,Test,Test,Test,Test,Test,
Test,Test,Test,Test,Test,Test,Test,Test,Test,Test,Test,Test
Dup,Dup,Dup,Dup,Dup,Dup,Dup,Dup,Dup,Dup,Dup,Dup
Dup,Dup,Dup,Dup,Dup,Dup,Dup,Dup,Dup,Dup,Dup,Dup
0001,Trina Trantow,Trina,Trantow,14,P,1993-10-16,Marry,Female,28,2019-10-08,2018-02-02
0002,Glenda Purdy,Glenda,Purdy,17,C,1975-01-20,
Marry,Male,37,2019-08-11,2018-01-10
0003,Denis Hickle,Denis,Hickle,20,P,1975-11-16,Single,Female,32,2019-08-07,2018-01-06
0004,Kristan Stehr,Kristan,Stehr,14,P,1985-01-22,Marry,Female,41,2019-11-14,2018-10-14
0005,Sharan Kuhic,Sharan,Kuhic,18,P,1972-08-07,Marry,Female,38,2019-04-06,2018-05-25
0006,Carmelo Dietrich,Carmelo,Dietrich,17,P,1971-05-17,Marry,Female,33,2019-10-24,2018-12-15
0007,Darwin Bartell,Darwin,Bartell,19,C,1974-03-05,Single,Male,42,2019-12-28,2018-01-24
0008,Tenisha Schulist,Tenisha,Schulist,19,C,1993-05-16,Marry,Female,46,2019-12-21,2018-04-04
0009,Vanessa Friesen,Vanessa,Friesen,15,P,1960-06-17,Marry,Female,48,2019-12-28,2018-05-31
0010,Kristopher Simonis,Kristopher,Simonis,14,P,1957-09-02,Marry,Female,29,2019-01-06,2018-07-10
0011,Mack Pfannerstill,Mack,Pfannerstill,20,C,1979-04-02,Single,Female,35,2019-10-11,2018-07-23
0012,Reiko King,Reiko,King,15,C,1959-01-19,Single,Female,33,2019-08-14,2018-05-19
0013,Princess Lockman,Princess,Lockman,20,P,1987-05-23,Single,Male,43,2019-04-05,2018-10-27
0014,Palmer Cartwright,Palmer,Cartwright,12,P,1994-04-12,Single,Male,48,2019-10-01,2018-04-05
0015,Gonzalo Wolff,Gonzalo,Wolff,17,C,1990-05-16,Single,Male,46,2019-03-10,2018-07-05
0016,Demetrius Heller,Demetrius,Heller,20,P,1990-03-18,Marry,Male,41,2019-07-19,2018-01-13
0017,Carlota Kautzer,Carlota,Kautzer,11,C,1988-01-26,Marry,Female,30,2019-02-10,2018-04-25
0018,Monique O'Kon,Monique,O'Kon,11,P,1961-09-14,Single,Female,40,2019-01-31,2018-04-11
0019,Maurice Stroman,Maurice,Stroman,12,P,1975-05-26,Marry,Male,41,2019-05-21,2018-10-04
0020,Clarissa Harris,Clarissa,Harris,18,C,1993-07-24,Marry,Female,48,2019-08-03,2018-10-05
0021,Marco Rath,Marco,Rath,17,C,1960-07-20,Single,Female,43,2019-07-24,2018-07-04
0022,Stephane Hayes,Stephane,Hayes,11,C,1968-08-07,Single,Male,41,2019-04-15,2018-01-21
0023,Kendal Crist,Kendal,Crist,18,C,1982-11-09,Single,Female,28,2019-11-13,2018-12-30
0024,Kieth Konopelski,Kieth,Konopelski,11,C,1957-03-19,Marry,Male,44,2019-10-18,2018-10-26
0025,Jordon Brakus,Jordon,Brakus,11,C,1985-03-08,Single,Male,49,2019-06-19,2018-08-10
0026,Zenaida Corwin,Zenaida,Corwin,20,C,1970-01-20,Single,Male,34,2019-01-18,2018-07-16
0027,Kirby Koepp,Kirby,Koepp,13,P,1989-04-29,Single,Female,40,2019-07-20,2018-07-18
0028,Kimberli Bosco,Kimberli,Bosco,15,P,1968-11-13,Marry,Male,33,2019-07-22,2018-02-15
0029,Dewitt Monahan,Dewitt,Monahan,12,C,1973-08-06,Marry,Male,39,2019-03-07,2018-06-08
0030,Debby Ankunding,Debby,Ankunding,15,P,1981-04-01,Single,Female,34,2019-07-30,2018-06-23
0031,Sonya Cummings,Sonya,Cummings,19,C,1970-09-19,Marry,Female,43,2019-02-02,2018-11-26
0032,Arcelia Dach,Arcelia,Dach,13,P,1969-07-26,Marry,Male,43,2019-01-19,2018-01-31
0033,Brian Stark,Brian,Stark,15,C,1971-07-31,Single,Female,33,2019-11-16,2018-11-12
0034,Tamatha Casper,Tamatha,Casper,14,C,1990-08-08,Single,Male,49,2019-05-29,2018-06-06
0035,Shaun Jakubowski,Shaun,Jakubowski,16,P,1958-11-13,Marry,Female,29,2019-02-21,2018-12-14
0036,Antionette Marks,Antionette,Marks,20,P,1964-07-11,Single,Male,49,2019-04-03,2018-08-03
0037,Parker Powlowski,Parker,Powlowski,18,C,1964-05-20,Marry,Female,37,2019-11-18,2018-06-25
0038,Joey Wintheiser,Joey,Wintheiser,11,C,1987-02-03,Single,Male,31,2019-10-09,2018-12-03
0039,Hyacinth Kozey,Hyacinth,Kozey,14,C,1969-12-29,Single,Female,44,2019-10-20,2018-06-12
0040,Lesha Parker,Lesha,Parker,15,C,1972-01-04,Marry,Male,45,2019-03-26,2018-03-04
0041,Tandy Haley,Tandy,Haley,18,C,1959-11-10,Single,Male,27,2019-12-26,2018-06-13
0042,Dean Rogahn,Dean,Rogahn,12,P,1960-03-14,Marry,Male,34,2019-02-14,2018-07-27
0043,Wilfred DuBuque,Wilfred,DuBuque,11,C,1974-10-02,Single,Male,32,2019-05-12,2018-11-11
0044,Fernanda Terry,Fernanda,Terry,15,P,1996-11-05,Marry,Male,30,2019-09-26,2018-06-20
0045,Minda Keeling,Minda,Keeling,18,P,1959-07-31,Single,Male,39,2019-05-25,2018-06-09
0046,Rocio Raynor,Rocio,Raynor,17,C,1974-07-22,Single,Male,30,2019-05-05,2018-01-12
0047,Donovan Breitenberg,Donovan,Breitenberg,12,P,1989-02-25,Single,Male,37,2019-01-26,2018-09-16
0048,Ali O'Reilly,Ali,O'Reilly,15,C,1973-10-09,Marry,Female,27,2019-10-05,2018-06-18
0049,Roman Orn,Roman,Orn,18,C,1971-10-28,Single,Female,46,2019-04-24,2018-11-07
0050,Martha Weimann,Martha,Weimann,19,C,1966-04-24,Single,Female,29,2019-08-05,2018-11-15
0051,Avery Renner,Avery,Renner,19,C,1970-08-02,Marry,Female,48,2019-06-27,2018-10-30
0052,Federico Pacocha,Federico,Pacocha,10,P,1957-02-24,Marry,Female,40,2019-11-26,2018-11-06
0053,Maribel Gulgowski,Maribel,Gulgowski,15,C,1986-09-11,Marry,Female,41,2019-08-21,2018-09-19
0054,Marylin Steuber,Marylin,Steuber,13,P,1972-10-21,Marry,Male,36,2019-11-27,2018-10-23
0055,Juan Kshlerin,Juan,Kshlerin,10,P,1987-11-04,Single,Male,44,2019-09-04,2018-04-17
0056,Jesus Kling,Jesus,Kling,10,P,1980-09-11,Marry,Female,49,2019-01-27,2018-01-22
0057,Danial Ferry,Danial,Ferry,15,P,1987-03-23,Marry,Male,43,2019-12-29,2018-05-26
0058,Elene Upton,Elene,Upton,19,P,1993-01-23,Single,Female,44,2019-12-26,2018-04-29
0059,Markus Emard,Markus,Emard,10,P,1981-10-01,Marry,Female,41,2019-01-28,2018-09-01
0060,Reuben Jast,Reuben,Jast,10,P,1986-08-28,Single,Female,42,2019-12-01,2018-05-08
0061,Charise White,Charise,White,11,P,1976-03-28,Single,Male,29,2019-06-25,2018-05-08
0062,Emilia Brekke,Emilia,Brekke,19,P,1957-07-18,Marry,Female,34,2019-09-06,2018-02-12
0063,Garnet Koepp,Garnet,Koepp,20,P,1960-05-13,Single,Male,28,2019-10-30,2018-06-22
0064,Angila Hammes,Angila,Hammes,14,P,1975-11-06,Single,Male,50,2019-01-05,2018-12-22
0065,Latisha Ebert,Latisha,Ebert,17,P,1978-05-15,Single,Female,32,2019-03-04,2018-09-19
0066,Ashley McClure,Ashley,McClure,12,C,1961-06-16,Marry,Male,38,2019-08-28,2018-04-18
0067,Helga Borer,Helga,Borer,12,P,1988-04-07,Marry,Male,33,2019-05-17,2018-07-21
0068,Clarence Kohler,Clarence,Kohler,14,C,1960-07-26,Marry,Female,40,2019-08-28,2018-12-14
0069,Ezequiel Bednar,Ezequiel,Bednar,15,P,1993-06-20,Marry,Male,37,2019-07-24,2018-05-16
0070,Eleanor Schinner,Eleanor,Schinner,10,C,1987-05-07,Marry,Male,35,2019-01-23,2018-06-12
0071,Dong Murazik,Dong,Murazik,12,C,1969-09-27,Single,Female,30,2019-06-19,2018-08-03
0072,Gillian Johnson,Gillian,Johnson,11,P,1961-07-10,Single,Female,30,2019-04-26,2018-09-22
0073,Irving Ernser,Irving,Ernser,14,P,1987-06-15,Marry,Male,36,2019-11-02,2018-03-21
0074,Filiberto Welch,Filiberto,Welch,12,P,1984-11-06,Marry,Female,49,2019-08-17,2018-10-30
0075,Dagny Sanford,Dagny,Sanford,17,P,1968-03-08,Marry,Female,47,2019-12-28,2018-02-20
0076,Frieda Gleason,Frieda,Gleason,12,C,1969-01-07,Single,Female,48,2019-10-01,2018-02-02
0077,Latoya Roberts,Latoya,Roberts,13,P,1964-01-21,Single,Male,45,2019-12-12,2018-10-22
0078,Kennith Barton,Kennith,Barton,10,C,1977-04-08,Single,Male,43,2019-01-02,2018-06-24
0079,Yen Mitchell,Yen,Mitchell,13,C,1981-04-07,Marry,Male,37,2019-12-05,2018-05-23
0080,Alecia Prohaska,Alecia,Prohaska,17,C,1987-10-05,Single,Male,28,2019-12-22,2018-12-14
0081,Magdalen Balistreri,Magdalen,Balistreri,20,C,1987-12-09,Single,Female,41,2019-12-18,2018-10-10
0082,Franklyn Goyette,Franklyn,Goyette,14,P,1958-05-04,Marry,Male,46,2019-08-06,2018-12-29
0083,Rosaria Hamill,Rosaria,Hamill,13,P,1959-08-27,Marry,Male,28,2019-01-05,2018-11-12
0084,Zachariah Dare,Zachariah,Dare,10,P,1964-11-04,Single,Male,41,2019-10-07,2018-11-26
0085,Sanford Murphy,Sanford,Murphy,16,C,1980-08-02,Single,Male,39,2019-05-25,2018-02-10
0086,Catherine Klein,Catherine,Klein,15,P,1972-04-17,Marry,Male,37,2019-12-16,2018-08-29
0087,Alexia Hayes,Alexia,Hayes,11,C,1982-05-02,Marry,Female,37,2019-09-25,2018-08-07
0088,Tonette Parker,Tonette,Parker,14,P,1961-12-23,Marry,Male,45,2019-03-20,2018-09-16
0089,Gonzalo MacGyver,Gonzalo,MacGyver,14,C,1996-07-13,Marry,Male,49,2019-07-16,2018-07-31
0090,Ettie Kiehn,Ettie,Kiehn,13,C,1974-07-02,Marry,Male,31,2019-08-28,2018-08-13
0091,Nila Kohler,Nila,Kohler,13,C,1976-09-07,Marry,Female,36,2019-04-14,2018-04-26
0092,Alfreda Dare,Alfreda,Dare,13,P,1992-02-03,Single,Female,35,2019-10-29,2018-01-01
0093,Sharolyn Hamill,Sharolyn,Hamill,17,P,1973-08-07,Marry,Male,45,2019-06-12,2018-11-03
0094,Mauro Langworth,Mauro,Langworth,11,P,1975-11-22,Single,Female,31,2019-10-05,2018-08-21
0095,Santiago Goldner,Santiago,Goldner,20,C,1991-02-21,Marry,Female,43,2019-08-25,2018-09-27
0096,Miyoko Wolff,Miyoko,Wolff,15,P,1996-10-13,Marry,Female,46,2019-06-19,2018-08-22
0097,Quyen King,Quyen,King,14,C,1983-03-25,Marry,Male,34,2019-12-06,2018-04-20
0098,Mi Cronin,Mi,Cronin,20,P,1988-09-29,Single,Male,39,2019-04-10,2018-07-03
0099,Clemmie Hudson,Clemmie,Hudson,11,C,1991-03-19,Marry,Female,30,2019-01-09,2018-01-07
0100,Stevie Moore,Stevie,Moore,15,P,1969-01-14,Single,Female,35,2019-07-27,2018-04-25
0101,Violet Hand,Violet,Hand,17,C,1971-08-31,Marry,Female,46,2019-01-17,2018-01-06
0102,Erline Donnelly,Erline,Donnelly,16,P,1987-12-23,Single,Female,30,2019-03-06,2018-11-17
0103,Randal Cassin,Randal,Cassin,14,C,1966-11-25,Marry,Male,30,2019-12-14,2018-03-22
0104,Layne Feest,Layne,Feest,19,C,1982-03-12,Single,Female,41,2019-01-17,2018-04-26
0105,Irish Satterfield,Irish,Satterfield,16,P,1962-01-25,Marry,Female,37,2019-05-15,2018-05-14
0106,Chanda Wiza,Chanda,Wiza,20,C,1959-02-25,Single,Female,29,2019-12-03,2018-03-26
0107,Naomi Wintheiser,Naomi,Wintheiser,15,P,1978-09-30,Single,Male,48,2019-06-30,2018-02-10
0108,Hank Aufderhar,Hank,Aufderhar,17,P,1974-06-09,Marry,Male,28,2019-08-22,2018-09-23
0109,Kenneth Williamson,Kenneth,Williamson,18,P,1980-07-04,Marry,Female,46,2019-08-06,2018-10-14
0110,Shenika Stracke,Shenika,Stracke,11,P,1990-09-17,Single,Female,48,2019-08-02,2018-08-25
0111,Donovan Weber,Donovan,Weber,16,C,1981-03-11,Single,Male,45,2019-04-14,2018-12-17
0112,Dylan Daugherty,Dylan,Daugherty,15,P,1981-06-15,Marry,Female,31,2019-05-31,2018-12-13
0113,Javier Schumm,Javier,Schumm,16,P,1980-09-11,Single,Male,45,2019-02-12,2018-02-21
0114,Melvin Jakubowski,Melvin,Jakubowski,16,P,1966-10-29,Marry,Male,30,2019-11-12,2018-01-05
0115,Will Howell,Will,Howell,13,C,1988-01-11,Marry,Male,35,2019-06-30,2018-04-23
0116,Ilona Fahey,Ilona,Fahey,10,P,1958-05-03,Marry,Male,42,2019-09-04,2018-09-19
0117,Santo Pfannerstill,Santo,Pfannerstill,10,P,1972-10-05,Single,Female,34,2019-03-02,2018-09-11
0118,Rosalee Wolf,Rosalee,Wolf,12,C,1994-11-02,Single,Female,28,2019-03-17,2018-05-27
0119,Al Jaskolski,Al,Jaskolski,15,P,1984-04-26,Marry,Female,42,2019-03-02,2018-07-10
0120,Eleanore Swift,Eleanore,Swift,10,C,1959-11-24,Marry,Male,36,2019-11-26,2018-04-22
0121,Drucilla Mayer,Drucilla,Mayer,17,C,1993-04-27,Marry,Female,42,2019-03-27,2018-08-01
0122,Katy Reinger,Katy,Reinger,11,C,1977-11-22,Single,Female,38,2019-11-07,2018-09-07
0123,Mose Marks,Mose,Marks,10,C,1958-10-03,Marry,Male,34,2019-08-27,2018-10-18
0124,Otha Hoppe,Otha,Hoppe,19,C,1958-09-02,Marry,Male,48,2019-08-28,2018-06-25
0125,Morris Willms,Morris,Willms,18,P,1958-10-08,Marry,Female,33,2019-02-19,2018-11-09
0126,Gus Rolfson,Gus,Rolfson,16,C,1959-04-09,Marry,Male,30,2019-06-05,2018-10-04
0127,Bettye Hackett,Bettye,Hackett,11,P,1975-04-19,Marry,Male,29,2019-07-26,2018-08-12
0128,Russel Rippin,Russel,Rippin,19,P,1957-02-14,Single,Male,38,2019-12-19,2018-10-01
0129,Terrance O'Connell,Terrance,O'Connell,14,P,1967-10-30,Marry,Male,37,2019-07-04,2018-03-13
0130,Joan Rodriguez,Joan,Rodriguez,20,P,1974-04-23,Single,Male,48,2019-05-24,2018-09-29
0131,Donte Frami,Donte,Frami,20,C,1962-07-23,Single,Female,30,2019-06-09,2018-05-14
0132,Waylon Rodriguez,Waylon,Rodriguez,18,C,1957-05-29,Single,Female,41,2019-07-02,2018-02-04
0133,Emmanuel Wyman,Emmanuel,Wyman,18,C,1967-07-26,Single,Female,41,2019-03-10,2018-04-28
0134,Alia Mann,Alia,Mann,20,C,1971-01-23,Marry,Female,34,2019-10-03,2018-10-17
0135,Stevie Howe,Stevie,Howe,17,C,1976-02-18,Single,Female,47,2019-05-02,2018-05-24
0136,Veronique Hoppe,Veronique,Hoppe,17,P,1989-10-31,Single,Female,48,2019-09-19,2018-07-16
0137,Kristel Auer,Kristel,Auer,20,C,1983-06-28,Marry,Female,30,2019-10-23,2018-11-20
0138,Corrina Gorczany,Corrina,Gorczany,12,C,1988-12-15,Marry,Female,34,2019-10-31,2018-07-11
0139,Reginia Hudson,Reginia,Hudson,11,C,1981-02-22,Single,Male,43,2019-05-18,2018-02-15
0140,Darius Rogahn,Darius,Rogahn,11,C,1992-05-12,Marry,Male,49,2019-08-09,2018-09-17
0141,Guillermo Kertzmann,Guillermo,Kertzmann,20,C,1957-03-06,Marry,Male,35,2019-09-06,2018-02-17
0142,Catina Boehm,Catina,Boehm,19,C,1963-02-09,Marry,Male,40,2019-10-08,2018-02-14
0143,Ronald Goyette,Ronald,Goyette,18,C,1972-06-26,Marry,Male,49,2019-06-16,2018-12-07
0144,Leigh Smith,Leigh,Smith,19,C,1961-06-19,Single,Female,32,2019-09-10,2018-11-02
0145,Buster Roberts,Buster,Roberts,17,P,1970-01-02,Marry,Female,37,2019-05-09,2018-09-16
0146,Bianca Homenick,Bianca,Homenick,11,C,1983-06-05,Single,Male,34,2019-11-03,2018-07-13
0147,Lenora Sanford,Lenora,Sanford,20,P,1988-08-15,Single,Female,36,2019-02-17,2018-12-16
0148,Kim Daniel,Kim,Daniel,16,P,1975-10-19,Marry,Male,36,2019-08-28,2018-08-02
0149,Yolanda Grady,Yolanda,Grady,13,P,1957-11-13,Marry,Female,28,2019-08-06,2018-04-03
0150,Ivonne Frami,Ivonne,Frami,16,C,1987-09-04,Marry,Male,46,2019-04-17,2018-04-24
0151,Cheree Blanda,Cheree,Blanda,15,C,1993-04-08,Single,Male,31,2019-11-30,2018-09-16
0152,Bud Altenwerth,Bud,Altenwerth,14,P,1980-07-10,Single,Male,49,2019-03-31,2018-01-17
0153,Seymour Kling,Seymour,Kling,15,P,1989-04-10,Single,Male,38,2019-01-26,2018-06-07
0154,Irvin Maggio,Irvin,Maggio,11,C,1960-09-03,Single,Male,37,2019-02-28,2018-09-19
0155,Louie Brekke,Louie,Brekke,20,P,1992-10-16,Single,Male,32,2019-05-18,2018-04-30
0156,Billy Mills,Billy,Mills,18,P,1995-01-09,Single,Female,36,2019-04-17,2018-05-14
0157,Elliott Abernathy,Elliott,Abernathy,20,C,1982-09-09,Marry,Female,28,2019-09-09,2018-12-23
0158,Arnetta Zulauf,Arnetta,Zulauf,15,C,1995-03-23,Single,Female,32,2019-03-04,2018-11-30
0159,Lacy Kilback,Lacy,Kilback,17,P,1967-12-31,Marry,Female,50,2019-11-18,2018-10-28
0160,Babette Hauck,Babette,Hauck,12,P,1990-01-19,Single,Male,42,2019-10-03,2018-03-28
0161,Adalberto Grant,Adalberto,Grant,13,P,1986-02-15,Marry,Male,40,2019-03-02,2018-12-20
0162,Rod Collier,Rod,Collier,12,P,1993-11-01,Marry,Male,38,2019-09-29,2018-04-02
0163,Trent Bins,Trent,Bins,13,C,1994-02-05,Marry,Female,44,2019-03-20,2018-08-29
0164,Branden Watsica,Branden,Watsica,18,P,1959-09-25,Marry,Female,42,2019-03-14,2018-03-17
0165,Tad Ortiz,Tad,Ortiz,17,P,1989-12-29,Single,Female,32,2019-11-15,2018-10-21
0166,Corey Hudson,Corey,Hudson,20,P,1994-01-02,Marry,Female,40,2019-08-22,2018-09-21
0167,Jeannette King,Jeannette,King,17,P,1969-01-23,Marry,Male,36,2019-03-16,2018-01-19
0168,Vanetta Reichert,Vanetta,Reichert,12,P,1991-12-01,Single,Female,48,2019-02-27,2018-01-10
0169,Maurice Farrell,Maurice,Farrell,17,P,1996-10-01,Marry,Male,37,2019-03-18,2018-11-19
0170,Darrel Tillman,Darrel,Tillman,17,C,1979-03-15,Marry,Male,34,2019-08-11,2018-04-29
0171,Daisy Schaefer,Daisy,Schaefer,10,P,1957-04-17,Marry,Female,39,2019-04-20,2018-07-28
0172,Dorthey Becker,Dorthey,Becker,19,P,1959-07-04,Marry,Male,37,2019-11-22,2018-01-21
0173,Alberto Wunsch,Alberto,Wunsch,11,P,1973-09-19,Single,Female,48,2019-10-27,2018-06-20
0174,Horacio Bernier,Horacio,Bernier,18,C,1975-10-14,Single,Female,38,2019-04-08,2018-11-11
0175,Rodolfo Dare,Rodolfo,Dare,11,C,1990-09-14,Single,Male,40,2019-11-14,2018-01-29
0176,Leila Bernier,Leila,Bernier,14,P,1968-09-29,Single,Female,39,2019-06-28,2018-12-17
0177,Gisele Gerlach,Gisele,Gerlach,12,P,1976-10-09,Marry,Male,49,2019-04-16,2018-11-04
0178,Sonia Brown,Sonia,Brown,15,C,1957-02-19,Marry,Male,29,2019-05-20,2018-01-19
0179,Harris Miller,Harris,Miller,16,P,1962-02-27,Single,Male,40,2019-09-10,2018-05-17
0180,Shaunta Grant,Shaunta,Grant,12,P,1958-02-26,Single,Male,27,2019-11-20,2018-07-16
0181,Curtis O'Keefe,Curtis,O'Keefe,10,P,1985-08-22,Marry,Female,42,2019-12-09,2018-08-29
0182,Sau Bogisich,Sau,Bogisich,20,P,1970-11-28,Single,Male,34,2019-03-25,2018-09-15
0183,Deanne Russel,Deanne,Russel,11,P,1992-08-16,Marry,Female,42,2019-05-21,2018-07-28
0184,Adell Jakubowski,Adell,Jakubowski,15,P,1995-02-14,Marry,Female,41,2019-06-02,2018-06-20
0185,Herman Mitchell,Herman,Mitchell,17,C,1969-04-09,Marry,Female,47,2019-11-07,2018-09-17
0186,Leslee Lockman,Leslee,Lockman,18,C,1977-10-06,Single,Female,44,2019-03-24,2018-01-30
0187,Bettie Strosin,Bettie,Strosin,20,C,1969-01-21,Marry,Male,35,2019-02-11,2018-11-14
0188,Brittaney Hudson,Brittaney,Hudson,15,P,1996-09-01,Marry,Female,41,2019-05-31,2018-09-17
0189,Kris Hodkiewicz,Kris,Hodkiewicz,19,P,1982-02-11,Single,Female,46,2019-09-19,2018-10-18
0190,Antone Gusikowski,Antone,Gusikowski,18,P,1989-12-23,Marry,Male,27,2019-08-01,2018-08-15
0191,Melvin Borer,Melvin,Borer,13,P,1984-07-11,Marry,Male,27,2019-10-03,2018-05-10
0192,Margy Miller,Margy,Miller,11,P,1957-02-25,Marry,Female,36,2019-10-15,2018-09-16
0193,Jammie Strosin,Jammie,Strosin,12,P,1975-02-22,Marry,Male,45,2019-07-19,2018-11-18
0194,Giuseppe Leffler,Giuseppe,Leffler,20,C,1991-04-01,Marry,Male,35,2019-03-02,2018-06-10
0195,Landon Gerlach,Landon,Gerlach,11,P,1980-08-16,Single,Female,30,2019-01-08,2018-02-09
0196,Loni Nitzsche,Loni,Nitzsche,11,P,1988-10-07,Single,Male,43,2019-03-02,2018-08-30
0197,Vaughn Brekke,Vaughn,Brekke,10,P,1983-08-29,Single,Female,36,2019-07-18,2018-12-05
0198,Deja Murray,Deja,Murray,16,P,1970-05-27,Marry,Male,48,2019-11-01,2018-08-03
0199,Nilda Carter,Nilda,Carter,11,P,1989-04-07,Single,Male,28,2019-02-11,2018-05-31
0200,Karolyn Bashirian,Karolyn,Bashirian,13,P,1962-11-29,Single,Female,40,2019-08-18,2018-09-26
0201,Kieth Moore,Kieth,Moore,20,P,1983-01-04,Single,Female,36,2019-09-17,2018-02-27
0202,Brett Casper,Brett,Casper,12,C,1981-11-10,Marry,Male,33,2019-11-23,2018-11-05
0203,Renee Anderson,Renee,Anderson,11,C,1968-02-26,Marry,Male,35,2019-01-06,2018-09-18
0204,Shila Effertz,Shila,Effertz,10,C,1977-08-30,Single,Female,47,2019-07-01,2018-06-12
0205,Irwin Carter,Irwin,Carter,18,P,1981-11-27,Marry,Female,35,2019-01-06,2018-01-16
0206,Kieth Baumbach,Kieth,Baumbach,12,P,1977-04-12,Single,Female,32,2019-10-22,2018-08-16
0207,Hobert Bergstrom,Hobert,Bergstrom,11,C,1972-03-06,Single,Male,27,2019-02-03,2018-09-13
0208,Rufus Kub,Rufus,Kub,13,C,1972-06-13,Single,Female,45,2019-01-30,2018-10-01
0209,Frances Labadie,Frances,Labadie,18,C,1962-03-15,Marry,Male,49,2019-03-04,2018-04-03
0210,Meagan Hettinger,Meagan,Hettinger,11,C,1973-01-28,Marry,Female,37,2019-10-30,2018-01-21
0211,Hiroko Hahn,Hiroko,Hahn,10,C,1975-07-07,Marry,Male,43,2019-08-07,2018-05-21
0212,Isiah McKenzie,Isiah,McKenzie,20,C,1963-03-17,Marry,Female,49,2019-11-12,2018-01-17
0213,Cherelle Effertz,Cherelle,Effertz,10,C,1983-09-22,Single,Male,45,2019-05-13,2018-03-20
0214,Angella Leuschke,Angella,Leuschke,17,P,1959-01-20,Single,Male,29,2019-04-21,2018-12-15
0215,Perry Leffler,Perry,Leffler,11,C,1973-04-17,Marry,Male,27,2019-02-06,2018-06-12
0216,Barry Morissette,Barry,Morissette,18,P,1996-05-12,Single,Female,50,2019-03-25,2018-04-24
0217,Garland Hartmann,Garland,Hartmann,13,P,1963-10-14,Marry,Male,38,2019-12-15,2018-10-11
0218,Ted Hoppe,Ted,Hoppe,16,C,1960-10-21,Single,Male,36,2019-06-16,2018-11-14
0219,Elvia Hermann,Elvia,Hermann,12,C,1980-07-08,Single,Female,31,2019-03-16,2018-05-08
0220,Trinh Kilback,Trinh,Kilback,12,P,1980-06-17,Single,Male,35,2019-10-03,2018-08-13
0221,Millard Steuber,Millard,Steuber,14,C,1959-04-12,Single,Female,29,2019-03-09,2018-08-19
0222,Melba Carter,Melba,Carter,19,C,1995-02-24,Single,Female,43,2019-06-12,2018-09-14
0223,Barney Schimmel,Barney,Schimmel,20,P,1996-01-28,Marry,Male,33,2019-02-13,2018-03-09
0224,Ilona Thompson,Ilona,Thompson,17,P,1995-06-03,Single,Male,38,2019-03-10,2018-05-24
0225,Addie McClure,Addie,McClure,12,P,1976-07-07,Marry,Male,32,2019-07-17,2018-07-26
0226,Beverlee Keeling,Beverlee,Keeling,16,C,1970-09-18,Marry,Female,47,2019-10-01,2018-08-30
0227,Myesha Bruen,Myesha,Bruen,10,C,1981-09-13,Marry,Female,35,2019-08-20,2018-01-04
0228,Bert Schmeler,Bert,Schmeler,11,C,1994-01-15,Marry,Male,35,2019-08-16,2018-10-26
0229,Carlena Renner,Carlena,Renner,14,P,1995-04-06,Single,Male,48,2019-08-15,2018-07-28
0230,Chelsea Konopelski,Chelsea,Konopelski,11,C,1990-07-03,Single,Female,45,2019-04-16,2018-12-06
0231,Charita Jacobson,Charita,Jacobson,13,C,1966-04-10,Marry,Female,41,2019-10-13,2018-03-30
0232,Eura Upton,Eura,Upton,16,P,1985-05-09,Single,Female,43,2019-01-01,2018-08-26
0233,Waylon Macejkovic,Waylon,Macejkovic,15,C,1971-05-06,Single,Male,49,2019-08-18,2018-01-21
0234,Pierre Schulist,Pierre,Schulist,16,C,1990-05-22,Single,Female,39,2019-03-30,2018-11-26
0235,Doyle Mohr,Doyle,Mohr,16,C,1981-03-04,Marry,Female,47,2019-07-12,2018-08-07
0236,Georgeann Conroy,Georgeann,Conroy,14,P,1976-07-25,Single,Male,47,2019-10-03,2018-04-26
0237,Elmo Kemmer,Elmo,Kemmer,17,P,1971-07-03,Marry,Female,49,2019-06-03,2018-06-14
0238,Judy Fritsch,Judy,Fritsch,15,P,1993-12-27,Single,Male,28,2019-09-30,2018-01-21
0239,Darrick Hartmann,Darrick,Hartmann,11,C,1991-04-30,Marry,Female,39,2019-04-16,2018-11-18
0240,Lessie Schamberger,Lessie,Schamberger,20,C,1966-10-19,Single,Male,36,2019-02-01,2018-02-10
0241,Oneida Hahn,Oneida,Hahn,13,P,1963-07-16,Single,Female,30,2019-07-27,2018-09-21
0242,Elijah Fritsch,Elijah,Fritsch,13,C,1988-01-20,Single,Male,29,2019-12-16,2018-03-24
0243,Nigel Kilback,Nigel,Kilback,18,C,1992-08-09,Single,Male,31,2019-11-15,2018-08-03
0244,Francesca Rowe,Francesca,Rowe,12,P,1972-08-01,Single,Male,39,2019-08-20,2018-11-06
0245,Tyrone Swaniawski,Tyrone,Swaniawski,15,C,1994-07-17,Marry,Male,41,2019-03-25,2018-08-03
0246,Lonny Mayert,Lonny,Mayert,11,C,1960-01-18,Marry,Male,30,2019-10-25,2018-09-02
0247,Socorro Bartoletti,Socorro,Bartoletti,13,P,1996-10-15,Marry,Male,28,2019-11-07,2018-08-22
0248,Hayden Hilll,Hayden,Hilll,10,P,1995-07-22,Marry,Female,33,2019-11-07,2018-07-11
0249,Leo Corwin,Leo,Corwin,13,P,1986-04-26,Marry,Female,37,2019-04-01,2018-02-16
0250,Lieselotte Parisian,Lieselotte,Parisian,12,P,1972-01-10,Marry,Female,34,2019-08-15,2018-03-31
0251,Jerome Goyette,Jerome,Goyette,12,C,1975-03-14,Single,Male,37,2019-03-02,2018-06-07
0252,Josefine Erdman,Josefine,Erdman,20,C,1961-07-12,Marry,Female,32,2019-04-05,2018-04-24
0253,Eric Ullrich,Eric,Ullrich,19,P,1996-08-02,Single,Female,45,2019-05-16,2018-06-23
0254,Phillip Senger,Phillip,Senger,14,C,1962-08-21,Marry,Female,29,2019-06-17,2018-03-20
0255,Arnulfo Stokes,Arnulfo,Stokes,17,C,1964-09-13,Marry,Female,28,2019-11-16,2018-01-08
0256,Kip Leannon,Kip,Leannon,16,C,1967-09-06,Single,Male,42,2019-03-20,2018-12-16
0257,Howard Emard,Howard,Emard,20,P,1994-12-10,Single,Female,39,2019-07-31,2018-10-09
0258,Desmond O'Reilly,Desmond,O'Reilly,10,C,1977-09-15,Marry,Female,50,2019-06-22,2018-05-14
0259,Son Keebler,Son,Keebler,14,P,1972-05-07,Single,Male,47,2019-01-17,2018-11-12
0260,Huong Lehner,Huong,Lehner,11,C,1971-02-26,Marry,Female,44,2019-07-22,2018-05-07
0261,Iraida Marvin,Iraida,Marvin,11,P,1990-02-12,Marry,Male,37,2019-09-02,2018-03-02
0262,Racquel Jacobs,Racquel,Jacobs,12,C,1984-06-25,Marry,Female,46,2019-02-24,2018-09-23
0263,Elayne Wyman,Elayne,Wyman,15,P,1963-10-28,Single,Female,39,2019-02-22,2018-03-26
0264,Kris Rempel,Kris,Rempel,15,P,1988-05-24,Marry,Male,46,2019-08-29,2018-08-03
0265,Lakenya Kilback,Lakenya,Kilback,20,P,1984-10-31,Single,Female,41,2019-08-01,2018-02-27
0266,Demetria Hills,Demetria,Hills,18,P,1984-03-06,Single,Female,50,2019-10-08,2018-12-28
0267,Monte Gutmann,Monte,Gutmann,15,P,1976-06-27,Marry,Female,42,2019-07-13,2018-02-01
0268,Providencia Schmitt,Providencia,Schmitt,14,P,1996-11-18,Single,Male,35,2019-10-14,2018-03-18
0269,Donette Treutel,Donette,Treutel,20,C,1978-12-13,Marry,Male,41,2019-10-02,2018-09-28
0270,Maria Ondricka,Maria,Ondricka,19,C,1986-07-26,Marry,Male,50,2019-02-07,2018-10-01
0271,Han Veum,Han,Veum,17,C,1989-09-28,Marry,Female,45,2019-03-16,2018-11-19
0272,Jerold Schiller,Jerold,Schiller,19,C,1983-10-30,Single,Female,39,2019-05-04,2018-02-21
0273,Veda Sauer,Veda,Sauer,20,P,1975-04-01,Marry,Female,32,2019-12-21,2018-08-19
0274,Katheryn Kovacek,Katheryn,Kovacek,17,P,1967-09-14,Single,Male,39,2019-02-06,2018-01-16
0275,Dorcas Windler,Dorcas,Windler,13,C,1971-06-19,Single,Male,46,2019-07-18,2018-04-24
0276,Denny O'Kon,Denny,O'Kon,15,P,1990-11-03,Marry,Male,49,2019-10-17,2018-05-19
0277,Chang Homenick,Chang,Homenick,16,P,1962-10-19,Marry,Female,47,2019-07-23,2018-01-29
0278,Karrie VonRueden,Karrie,VonRueden,16,P,1986-09-06,Marry,Female,41,2019-05-05,2018-10-18
0279,Evan Ratke,Evan,Ratke,13,C,1978-05-28,Single,Female,37,2019-07-07,2018-11-30
0280,Marcela Witting,Marcela,Witting,10,P,1965-07-02,Single,Male,40,2019-11-26,2018-12-07
0281,Dante Mraz,Dante,Mraz,17,C,1972-12-30,Marry,Male,50,2019-10-20,2018-07-22
0282,Ivelisse Cormier,Ivelisse,Cormier,10,P,1972-06-04,Marry,Female,43,2019-12-25,2018-06-09
0283,Susanna Keebler,Susanna,Keebler,16,P,1989-02-14,Single,Male,35,2019-03-19,2018-11-25
0284,Monroe Crist,Monroe,Crist,15,C,1992-03-14,Marry,Male,45,2019-04-04,2018-04-02
0285,Mayola McDermott,Mayola,McDermott,20,P,1966-10-02,Single,Female,33,2019-06-25,2018-02-27
0286,Mariel Bradtke,Mariel,Bradtke,11,P,1990-01-31,Single,Male,48,2019-01-28,2018-11-23
0287,Meagan West,Meagan,West,12,C,1974-03-20,Single,Female,32,2019-09-01,2018-03-10
0288,Neva Watsica,Neva,Watsica,12,P,1958-06-22,Marry,Female,28,2019-11-09,2018-09-21
0289,Seth Hessel,Seth,Hessel,12,P,1977-09-02,Single,Male,29,2019-05-01,2018-04-19
0290,Dionna Frami,Dionna,Frami,20,C,1996-02-08,Single,Male,30,2019-02-15,2018-09-15
0291,Oren Blanda,Oren,Blanda,14,C,1974-12-25,Marry,Male,30,2019-07-08,2018-10-09
0292,Stefani Kuhn,Stefani,Kuhn,13,P,1962-09-23,Marry,Male,50,2019-06-11,2018-07-19
0293,Spring Frami,Spring,Frami,14,P,1977-12-23,Marry,Female,33,2019-07-21,2018-12-01
0294,Jospeh Nicolas,Jospeh,Nicolas,11,P,1975-02-02,Marry,Female,27,2019-04-02,2018-10-04
0295,Theodore Predovic,Theodore,Predovic,15,P,1988-02-21,Single,Male,39,2019-08-18,2018-08-22
0296,Jed Dibbert,Jed,Dibbert,17,P,1986-09-14,Marry,Female,35,2019-05-18,2018-10-01
0297,Royal Grimes,Royal,Grimes,20,C,1982-01-27,Single,Male,49,2019-11-05,2018-08-18
0298,Geri Littel,Geri,Littel,10,P,1981-08-20,Single,Male,28,2019-11-16,2018-02-20
0299,Cara Homenick,Cara,Homenick,19,P,1988-02-16,Single,Female,30,2019-03-28,2018-08-14
0300,Phil Bradtke,Phil,Bradtke,15,P,1973-07-29,Single,Male,38,2019-08-31,2018-01-27
0301,Natashia O'Hara,Natashia,O'Hara,10,C,1963-10-27,Marry,Male,29,2019-07-14,2018-01-04
0302,Jerri Hackett,Jerri,Hackett,18,C,1969-11-18,Single,Male,37,2019-12-06,2018-02-09
0303,Chanell Bechtelar,Chanell,Bechtelar,20,C,1996-07-29,Marry,Male,47,2019-10-22,2018-05-07
0304,Maricruz Cormier,Maricruz,Cormier,16,P,1973-12-20,Single,Male,49,2019-05-21,2018-08-02
0305,Ileen O'Keefe,Ileen,O'Keefe,11,P,1986-03-02,Marry,Male,45,2019-11-19,2018-05-18
0306,Chance Farrell,Chance,Farrell,16,P,1984-12-06,Marry,Female,49,2019-07-10,2018-04-23
0307,Mui Greenfelder,Mui,Greenfelder,20,P,1968-08-05,Marry,Male,47,2019-08-13,2018-06-18
0308,Stevie Beatty,Stevie,Beatty,19,C,1958-08-29,Marry,Female,50,2019-07-04,2018-08-08
0309,Milton Howell,Milton,Howell,13,P,1962-09-18,Marry,Female,42,2019-11-24,2018-08-09
0310,Freddie Hills,Freddie,Hills,19,P,1983-07-22,Marry,Male,29,2019-07-16,2018-07-13
0311,Dane Ondricka,Dane,Ondricka,15,P,1960-09-25,Marry,Female,42,2019-12-04,2018-04-22
0312,Maribeth Schamberger,Maribeth,Schamberger,16,C,1963-08-28,Single,Male,43,2019-06-25,2018-05-22
0313,Gayle Graham,Gayle,Graham,15,P,1980-02-11,Marry,Female,30,2019-10-19,2018-09-05
0314,Jamie Bogan,Jamie,Bogan,11,P,1992-10-25,Marry,Male,40,2019-06-23,2018-09-05
0315,Kenneth Walker,Kenneth,Walker,20,P,1964-08-19,Marry,Female,50,2019-12-01,2018-02-02
0316,Lannie Kemmer,Lannie,Kemmer,10,C,1966-12-01,Single,Male,39,2019-04-09,2018-01-11
0317,Chas Rath,Chas,Rath,17,P,1976-01-21,Marry,Female,35,2019-09-28,2018-09-27
0318,Karon Carroll,Karon,Carroll,11,P,1987-04-19,Single,Male,43,2019-10-15,2018-11-16
0319,Rick Tremblay,Rick,Tremblay,18,P,1967-03-01,Single,Male,37,2019-05-09,2018-05-06
0320,Annett Rolfson,Annett,Rolfson,19,P,1968-05-24,Single,Female,27,2019-01-11,2018-11-29
0321,Keshia Pouros,Keshia,Pouros,12,C,1987-06-01,Marry,Male,28,2019-10-25,2018-02-26
0322,Dino Lueilwitz,Dino,Lueilwitz,17,P,1973-09-26,Marry,Female,33,2019-08-06,2018-09-28
0323,Daron Pfannerstill,Daron,Pfannerstill,11,P,1969-06-10,Marry,Male,40,2019-01-10,2018-01-03
0324,Ruby Bartell,Ruby,Bartell,16,P,1970-10-23,Single,Male,40,2019-12-09,2018-02-02
0325,Nova Lindgren,Nova,Lindgren,16,C,1992-09-27,Single,Female,50,2019-07-20,2018-04-15
0326,Herman Auer,Herman,Auer,12,P,1969-06-22,Marry,Male,29,2019-12-25,2018-11-05
0327,Sang Bartoletti,Sang,Bartoletti,12,C,1995-06-19,Single,Female,29,2019-01-14,2018-09-03
0328,Simon Kohler,Simon,Kohler,19,P,1974-09-20,Marry,Female,27,2019-07-20,2018-02-06
0329,Eufemia Thiel,Eufemia,Thiel,10,P,1996-04-20,Single,Male,43,2019-02-07,2018-08-03
0330,Jolie Hamill,Jolie,Hamill,16,C,1961-09-29,Marry,Female,34,2019-09-16,2018-07-08
0331,Joslyn Waters,Joslyn,Waters,16,C,1991-09-02,Marry,Male,47,2019-03-28,2018-10-25
0332,Georgie Willms,Georgie,Willms,10,P,1968-09-08,Marry,Female,49,2019-06-02,2018-07-01
0333,Rex Paucek,Rex,Paucek,14,P,1981-06-14,Marry,Male,47,2019-05-02,2018-01-25
0334,Suzy Terry,Suzy,Terry,16,P,1976-01-14,Marry,Female,38,2019-07-10,2018-10-23
0335,Leighann Gusikowski,Leighann,Gusikowski,12,C,1975-08-06,Marry,Female,43,2019-06-24,2018-09-25
0336,Pasty Hane,Pasty,Hane,12,C,1985-11-28,Marry,Male,36,2019-08-08,2018-06-09
0337,Shemika Feest,Shemika,Feest,11,P,1976-04-24,Marry,Male,28,2019-10-22,2018-07-25
0338,Jose Nicolas,Jose,Nicolas,10,P,1978-03-21,Marry,Male,36,2019-02-12,2018-12-13
0339,Dorian Nicolas,Dorian,Nicolas,20,C,1972-10-17,Single,Female,28,2019-07-23,2018-06-27
0340,Hilario Beatty,Hilario,Beatty,14,C,1996-05-30,Marry,Female,48,2019-05-20,2018-02-21
0341,Tess Hettinger,Tess,Hettinger,11,C,1964-09-07,Marry,Male,27,2019-06-10,2018-06-27
0342,Nicki Kihn,Nicki,Kihn,16,P,1994-08-07,Marry,Male,39,2019-03-15,2018-01-07
0343,Antonia Shanahan,Antonia,Shanahan,19,P,1993-06-05,Single,Female,30,2019-05-25,2018-05-11
0344,Billye Watsica,Billye,Watsica,19,P,1986-04-26,Marry,Female,33,2019-04-12,2018-10-09
0345,Sarita Abshire,Sarita,Abshire,13,C,1975-12-11,Marry,Female,40,2019-02-02,2018-12-12
0346,Frederick Hansen,Frederick,Hansen,18,C,1961-12-12,Single,Female,35,2019-08-30,2018-10-18
0347,Devon Cronin,Devon,Cronin,12,C,1973-07-27,Single,Male,42,2019-05-11,2018-07-10
0348,Horacio Parisian,Horacio,Parisian,15,C,1969-03-26,Single,Female,41,2019-09-18,2018-06-14
0349,Francis Crona,Francis,Crona,19,C,1957-10-04,Marry,Male,29,2019-05-17,2018-06-04
0350,Vergie Mayer,Vergie,Mayer,19,C,1972-07-21,Single,Male,47,2019-09-10,2018-07-17
0351,Jackson Tromp,Jackson,Tromp,10,P,1963-07-05,Single,Female,40,2019-10-15,2018-10-06
0352,Gabrielle Luettgen,Gabrielle,Luettgen,10,P,1957-11-24,Marry,Female,50,2019-08-06,2018-12-08
0353,Buster Douglas,Buster,Douglas,13,C,1972-02-22,Single,Male,34,2019-08-13,2018-09-02
0354,Emerson Grimes,Emerson,Grimes,18,P,1959-01-18,Marry,Male,37,2019-05-18,2018-07-13
0355,Han Dooley,Han,Dooley,19,P,1975-12-31,Single,Female,35,2019-03-26,2018-04-05
0356,Eldon Vandervort,Eldon,Vandervort,17,C,1957-06-07,Single,Female,41,2019-04-17,2018-01-24
0357,Selena Ratke,Selena,Ratke,12,C,1981-12-19,Marry,Male,49,2019-04-13,2018-07-17
0358,Jed Bailey,Jed,Bailey,11,C,1979-08-07,Single,Female,43,2019-01-03,2018-11-19
0359,Sid Effertz,Sid,Effertz,15,P,1959-12-22,Marry,Female,45,2019-09-22,2018-08-18
0360,Eve Larson,Eve,Larson,15,P,1964-02-06,Single,Male,36,2019-01-09,2018-07-20
0361,Ali Price,Ali,Price,14,P,1983-01-09,Single,Male,42,2019-08-09,2018-04-01
0362,Alphonse Deckow,Alphonse,Deckow,20,P,1974-08-01,Marry,Female,35,2019-12-04,2018-05-19
0363,Milford Terry,Milford,Terry,14,C,1987-04-16,Single,Male,47,2019-05-08,2018-02-03
0364,Jean Bartoletti,Jean,Bartoletti,20,P,1981-03-23,Single,Male,50,2019-05-09,2018-09-04
0365,Robt Ernser,Robt,Ernser,12,C,1972-02-08,Single,Female,42,2019-04-21,2018-01-05
0366,Lexie Hyatt,Lexie,Hyatt,14,C,1964-07-10,Single,Male,46,2019-08-15,2018-07-14
0367,Leland Erdman,Leland,Erdman,15,P,1963-02-28,Single,Female,46,2019-08-03,2018-01-04
0368,Roland Tromp,Roland,Tromp,12,C,1989-05-30,Marry,Female,49,2019-05-28,2018-06-12
0369,Collin Quigley,Collin,Quigley,14,C,1996-03-15,Marry,Male,38,2019-07-29,2018-07-28
0370,Pamella Smitham,Pamella,Smitham,12,C,1993-06-06,Single,Female,44,2019-03-11,2018-02-19
0371,Chin Nader,Chin,Nader,19,P,1968-05-13,Single,Female,32,2019-06-22,2018-04-11
0372,Barbera Schuster,Barbera,Schuster,16,P,1965-02-27,Marry,Female,49,2019-03-06,2018-12-28
0373,Celia Welch,Celia,Welch,13,C,1963-04-21,Marry,Male,42,2019-10-05,2018-03-22
0374,Mitch Hamill,Mitch,Hamill,20,C,1995-08-01,Marry,Male,33,2019-08-04,2018-08-24
0375,Edison Nikolaus,Edison,Nikolaus,15,C,1982-12-09,Marry,Male,34,2019-09-04,2018-02-16
0376,Justin Osinski,Justin,Osinski,10,P,1995-10-21,Single,Male,28,2019-03-13,2018-10-07
0377,Eulah Ryan,Eulah,Ryan,13,P,1975-03-06,Single,Female,38,2019-06-28,2018-03-04
0378,Darin Robel,Darin,Robel,12,C,1980-04-08,Marry,Female,29,2019-10-23,2018-10-27
0379,Linda Reynolds,Linda,Reynolds,14,C,1986-11-11,Single,Male,41,2019-11-19,2018-01-04
0380,Nannie Spinka,Nannie,Spinka,15,P,1991-05-13,Marry,Male,50,2019-11-27,2018-01-30
0381,Jake Ortiz,Jake,Ortiz,11,P,1972-08-04,Single,Female,48,2019-02-17,2018-03-31
0382,Aurelio Kunde,Aurelio,Kunde,13,C,1961-02-15,Single,Male,44,2019-03-27,2018-01-02
0383,Darrin Frami,Darrin,Frami,10,P,1969-10-17,Single,Female,34,2019-09-14,2018-08-14
0384,Brock Douglas,Brock,Douglas,16,P,1965-07-07,Marry,Male,39,2019-12-26,2018-08-27
0385,Hanna Konopelski,Hanna,Konopelski,17,C,1985-08-09,Marry,Female,35,2019-09-15,2018-04-06
0386,Benita Bogisich,Benita,Bogisich,14,P,1990-04-23,Marry,Female,28,2019-07-28,2018-01-08
0387,Sunday Deckow,Sunday,Deckow,20,P,1995-07-29,Marry,Male,27,2019-05-05,2018-02-14
0388,Teodora Reichert,Teodora,Reichert,16,C,1996-06-01,Marry,Female,45,2019-08-18,2018-12-26
0389,Mitsue Orn,Mitsue,Orn,14,P,1958-05-06,Marry,Female,30,2019-09-05,2018-10-04
0390,Dina Christiansen,Dina,Christiansen,18,P,1975-01-01,Single,Male,27,2019-03-15,2018-10-02
0391,Milford Stanton,Milford,Stanton,18,P,1958-04-05,Marry,Male,47,2019-01-19,2018-04-03
0392,Sydney Crooks,Sydney,Crooks,13,P,1974-03-18,Single,Male,37,2019-07-29,2018-07-10
0393,Santos Murazik,Santos,Murazik,11,C,1967-11-22,Single,Female,36,2019-03-25,2018-10-01
0394,Avril Romaguera,Avril,Romaguera,19,P,1985-06-20,Marry,Male,34,2019-12-29,2018-06-04
0395,Robena Stiedemann,Robena,Stiedemann,12,C,1968-02-19,Marry,Male,35,2019-11-23,2018-12-10
0396,Maryetta MacGyver,Maryetta,MacGyver,20,P,1960-10-15,Single,Male,28,2019-06-26,2018-04-22
0397,Eldon Grant,Eldon,Grant,14,C,1961-07-29,Single,Female,32,2019-06-28,2018-01-30
0398,Cory Gusikowski,Cory,Gusikowski,18,P,1968-06-21,Single,Female,31,2019-07-05,2018-05-13
0399,Titus Heaney,Titus,Heaney,19,C,1995-08-05,Single,Male,50,2019-02-27,2018-05-23
0400,Roselia Lowe,Roselia,Lowe,14,C,1985-05-13,Marry,Male,43,2019-02-17,2018-07-26
0401,Byron Zieme,Byron,Zieme,14,C,1991-03-05,Single,Female,37,2019-11-08,2018-03-21
0402,Modesta Kilback,Modesta,Kilback,11,C,1958-06-25,Marry,Male,33,2019-08-13,2018-02-10
0403,Merna Hoppe,Merna,Hoppe,19,C,1967-08-19,Single,Female,38,2019-09-26,2018-04-19
0404,Mariko Farrell,Mariko,Farrell,14,C,1964-07-08,Marry,Female,42,2019-09-04,2018-06-19
0405,Marcelino Metz,Marcelino,Metz,16,C,1988-01-10,Marry,Male,45,2019-07-16,2018-01-02
0406,Stefania Senger,Stefania,Senger,20,C,1962-04-23,Single,Female,31,2019-01-25,2018-07-03
0407,Zelda Hayes,Zelda,Hayes,12,P,1977-05-28,Single,Male,47,2019-10-01,2018-02-03
0408,Winston Kub,Winston,Kub,17,C,1994-08-27,Single,Female,30,2019-01-04,2018-12-06
0409,Guadalupe Ritchie,Guadalupe,Ritchie,20,C,1971-07-25,Marry,Female,49,2019-07-20,2018-10-11
0410,Louella Kihn,Louella,Kihn,18,C,1995-02-14,Single,Male,33,2019-12-28,2018-10-20
0411,Theo Gislason,Theo,Gislason,11,P,1992-03-23,Marry,Male,37,2019-11-26,2018-02-28
0412,Lionel Gutkowski,Lionel,Gutkowski,12,P,1979-08-25,Single,Male,27,2019-09-29,2018-12-02
0413,Tona Feil,Tona,Feil,18,P,1982-11-13,Marry,Female,30,2019-02-10,2018-02-20
0414,Errol Cassin,Errol,Cassin,11,C,1996-08-27,Marry,Female,41,2019-01-04,2018-02-06
0415,Leeanne Rowe,Leeanne,Rowe,14,P,1986-02-26,Marry,Male,42,2019-04-13,2018-09-05
0416,Otto Purdy,Otto,Purdy,18,P,1978-08-07,Marry,Male,48,2019-01-18,2018-10-19
0417,Fredric Schmeler,Fredric,Schmeler,19,P,1978-06-17,Single,Male,50,2019-03-25,2018-01-08
0418,Morgan Koss,Morgan,Koss,11,P,1983-07-27,Single,Female,45,2019-07-22,2018-03-04
0419,Jonas Labadie,Jonas,Labadie,14,P,1965-09-09,Single,Female,27,2019-12-13,2018-06-06
0420,Sarita Erdman,Sarita,Erdman,10,C,1984-09-02,Single,Female,41,2019-05-03,2018-12-04
0421,Debi O'Kon,Debi,O'Kon,12,C,1974-08-22,Single,Male,33,2019-02-03,2018-07-27
0422,Russel Raynor,Russel,Raynor,20,P,1979-07-17,Single,Female,33,2019-05-21,2018-09-02
0423,Adolfo Lesch,Adolfo,Lesch,19,C,1985-11-27,Single,Female,30,2019-06-22,2018-05-11
0424,Jeremy Bartoletti,Jeremy,Bartoletti,13,C,1975-05-07,Marry,Male,35,2019-01-14,2018-01-28
0425,Eleanora Kub,Eleanora,Kub,17,C,1965-03-07,Marry,Male,45,2019-01-31,2018-12-24
0426,Kareem Douglas,Kareem,Douglas,20,C,1979-10-30,Single,Male,39,2019-01-23,2018-04-17
0427,Orville Rosenbaum,Orville,Rosenbaum,17,P,1992-08-29,Marry,Male,31,2019-02-15,2018-02-19
0428,Meg Howe,Meg,Howe,19,C,1979-07-25,Marry,Female,46,2019-09-30,2018-02-07
0429,Galen Cole,Galen,Cole,18,C,1976-12-03,Marry,Male,45,2019-01-12,2018-10-12
0430,Lera Collier,Lera,Collier,17,P,1982-01-28,Marry,Male,49,2019-06-01,2018-05-12
0431,Julio Powlowski,Julio,Powlowski,14,P,1986-01-12,Marry,Female,36,2019-12-29,2018-03-24
0432,Tyrell Bashirian,Tyrell,Bashirian,10,C,1989-08-16,Single,Male,28,2019-03-08,2018-01-14
0433,Malcolm Stroman,Malcolm,Stroman,14,C,1958-08-25,Marry,Female,32,2019-10-27,2018-12-15
0434,Aundrea Schamberger,Aundrea,Schamberger,14,C,1975-09-08,Single,Male,39,2019-01-04,2018-03-03
0435,Raleigh Armstrong,Raleigh,Armstrong,13,C,1995-08-11,Marry,Female,44,2019-10-14,2018-10-20
0436,Seymour Gleason,Seymour,Gleason,18,P,1986-07-12,Single,Female,44,2019-11-05,2018-07-02
0437,Audrea Strosin,Audrea,Strosin,20,P,1992-03-09,Marry,Male,39,2019-08-21,2018-09-27
0438,Thomas Hegmann,Thomas,Hegmann,16,C,1991-09-26,Marry,Male,30,2019-06-26,2018-07-21
0439,Fatima Kovacek,Fatima,Kovacek,13,P,1960-01-04,Single,Female,50,2019-10-11,2018-01-02
0440,Rory Schmeler,Rory,Schmeler,17,C,1988-03-30,Single,Male,46,2019-05-23,2018-12-06
0441,Darren Wyman,Darren,Wyman,18,C,1987-11-06,Single,Female,40,2019-11-21,2018-12-03
0442,Avery Medhurst,Avery,Medhurst,10,P,1990-04-14,Marry,Male,39,2019-11-20,2018-03-06
0443,Esteban Grimes,Esteban,Grimes,16,P,1965-02-15,Single,Female,49,2019-02-09,2018-08-25
0444,Reuben Langosh,Reuben,Langosh,14,P,1994-09-23,Marry,Male,29,2019-06-21,2018-06-05
0445,Neoma Mueller,Neoma,Mueller,14,P,1963-05-22,Single,Male,28,2019-04-14,2018-08-16
0446,Lynwood MacGyver,Lynwood,MacGyver,18,C,1976-11-07,Single,Male,50,2019-08-27,2018-11-10
0447,Nakia Howell,Nakia,Howell,10,P,1968-05-26,Marry,Female,31,2019-07-21,2018-10-20
0448,Alyce Dooley,Alyce,Dooley,19,C,1961-08-29,Marry,Male,43,2019-02-26,2018-10-13
0449,Frieda Macejkovic,Frieda,Macejkovic,11,P,1957-01-08,Marry,Female,31,2019-02-12,2018-09-20
0450,Kenna Feeney,Kenna,Feeney,17,C,1988-10-17,Marry,Male,41,2019-06-29,2018-06-30
0451,Quincy Cronin,Quincy,Cronin,10,C,1961-06-11,Marry,Female,28,2019-11-28,2018-07-11
0452,Kenneth Strosin,Kenneth,Strosin,15,P,1978-01-24,Single,Male,31,2019-07-06,2018-12-11
0453,Jc Lockman,Jc,Lockman,10,C,1970-12-19,Marry,Female,36,2019-08-30,2018-09-09
0454,Leonia Zboncak,Leonia,Zboncak,19,C,1962-06-09,Marry,Male,47,2019-06-24,2018-10-06
0455,Clyde Weber,Clyde,Weber,12,P,1958-05-15,Marry,Female,45,2019-03-12,2018-09-24
0456,Miles Skiles,Miles,Skiles,15,C,1983-07-15,Marry,Female,35,2019-04-22,2018-08-13
0457,Augustus Flatley,Augustus,Flatley,19,C,1977-02-26,Marry,Female,30,2019-11-02,2018-07-11
0458,Taunya Rippin,Taunya,Rippin,12,C,1991-07-09,Marry,Female,45,2019-11-12,2018-05-09
0459,Evan Gaylord,Evan,Gaylord,16,P,1959-08-24,Marry,Male,44,2019-05-08,2018-10-25
0460,Ilene Carroll,Ilene,Carroll,14,P,1964-02-20,Marry,Female,41,2019-02-11,2018-06-28
0461,Carmine Raynor,Carmine,Raynor,19,P,1970-04-12,Marry,Male,35,2019-06-24,2018-02-25
0462,Jolyn Wiza,Jolyn,Wiza,20,C,1984-06-27,Single,Male,47,2019-12-16,2018-02-02
0463,Marry Reichert,Marry,Reichert,16,C,1991-12-12,Single,Female,28,2019-03-30,2018-12-21
0464,Junior Gulgowski,Junior,Gulgowski,15,P,1982-06-26,Single,Male,39,2019-04-15,2018-09-28
0465,Raymonde Jacobson,Raymonde,Jacobson,18,P,1958-03-14,Marry,Female,48,2019-06-14,2018-09-05
0466,Iraida Hudson,Iraida,Hudson,20,P,1981-06-02,Single,Male,38,2019-03-30,2018-05-31
0467,Regine Block,Regine,Block,19,C,1979-07-29,Single,Female,38,2019-01-01,2018-08-08
0468,Diego Stroman,Diego,Stroman,15,C,1966-06-18,Marry,Female,47,2019-07-29,2018-06-12
0469,Marylouise Kihn,Marylouise,Kihn,13,P,1964-01-11,Marry,Female,31,2019-02-05,2018-08-13
0470,Yevette Lebsack,Yevette,Lebsack,15,C,1971-03-22,Single,Male,35,2019-07-22,2018-02-17
0471,Loria Abernathy,Loria,Abernathy,20,P,1990-10-17,Single,Male,42,2019-10-23,2018-11-01
0472,Emilio Goldner,Emilio,Goldner,12,C,1980-02-14,Single,Male,35,2019-01-12,2018-06-16
0473,Dewayne DuBuque,Dewayne,DuBuque,17,P,1957-12-30,Single,Male,39,2019-10-26,2018-02-12
0474,Herb Bernhard,Herb,Bernhard,13,C,1996-08-11,Single,Male,48,2019-05-15,2018-04-11
0475,Hannelore Mayert,Hannelore,Mayert,19,C,1958-11-20,Single,Male,47,2019-04-01,2018-01-06
0476,Louie Flatley,Louie,Flatley,16,P,1970-09-29,Marry,Male,37,2019-08-13,2018-08-24
0477,Janna Tillman,Janna,Tillman,10,P,1989-01-16,Single,Male,43,2019-05-20,2018-08-23
0478,Casandra Oberbrunner,Casandra,Oberbrunner,17,P,1959-03-07,Marry,Male,27,2019-05-04,2018-06-19
0479,Elijah Wolff,Elijah,Wolff,11,C,1990-10-20,Single,Female,32,2019-08-17,2018-01-28
0480,Stefany Christiansen,Stefany,Christiansen,14,P,1978-06-21,Marry,Female,46,2019-07-09,2018-10-24
0481,Luigi Wolff,Luigi,Wolff,14,C,1987-08-01,Marry,Male,28,2019-10-24,2018-11-09
0482,Edward Gulgowski,Edward,Gulgowski,18,C,1982-02-19,Marry,Female,27,2019-09-06,2018-04-25
0483,Aubrey Corkery,Aubrey,Corkery,19,C,1979-09-30,Single,Male,38,2019-02-17,2018-11-03
0484,Laverna Shields,Laverna,Shields,14,P,1966-10-26,Marry,Male,43,2019-05-08,2018-10-21
0485,Rhoda Krajcik,Rhoda,Krajcik,12,C,1975-04-11,Marry,Male,40,2019-05-05,2018-10-17
0486,Douglass Kris,Douglass,Kris,15,P,1961-07-28,Marry,Female,49,2019-07-04,2018-01-20
0487,Lynell Windler,Lynell,Windler,20,C,1968-09-14,Marry,Female,49,2019-10-22,2018-05-27
0488,Stefanie Kuphal,Stefanie,Kuphal,19,C,1995-06-20,Single,Male,35,2019-07-29,2018-08-10
0489,Lawerence Kreiger,Lawerence,Kreiger,17,C,1987-07-06,Single,Female,44,2019-10-11,2018-07-27
0490,Maynard Nader,Maynard,Nader,12,P,1972-10-16,Single,Male,44,2019-11-30,2018-10-16
0491,Vicky Lehner,Vicky,Lehner,19,C,1965-03-12,Marry,Male,27,2019-10-24,2018-10-11
0492,Casey Kerluke,Casey,Kerluke,10,P,1990-01-24,Single,Male,41,2019-10-08,2018-05-17
0493,Elden Considine,Elden,Considine,20,C,1989-08-04,Single,Male,28,2019-08-05,2018-07-12
0494,Benito Cormier,Benito,Cormier,10,C,1995-08-27,Single,Male,44,2019-10-20,2018-05-10
0495,Junior Murazik,Junior,Murazik,10,C,1977-06-14,Marry,Male,35,2019-04-18,2018-11-27
0496,Bradly Hartmann,Bradly,Hartmann,15,C,1994-08-07,Marry,Female,37,2019-06-27,2018-12-24
0497,Marianela Cassin,Marianela,Cassin,20,P,1988-10-28,Marry,Male,40,2019-10-02,2018-10-28
0498,Mckinley Bayer,Mckinley,Bayer,10,P,1983-10-26,Single,Male,44,2019-08-24,2018-02-25
0499,Tory Skiles,Tory,Skiles,16,P,1987-04-25,Single,Female,45,2019-12-25,2018-12-17
0500,Valentine Gerhold,Valentine,Gerhold,12,P,1968-10-11,Single,Male,36,2019-12-04,2018-07-15
0501,Ed Champlin,Ed,Champlin,19,P,1968-07-08,Single,Male,34,2019-08-29,2018-04-23
0502,Alexander Johnston,Alexander,Johnston,10,C,1984-05-18,Single,Female,47,2019-11-22,2018-08-01
0503,Yajaira Bradtke,Yajaira,Bradtke,10,C,1974-05-30,Marry,Female,39,2019-07-12,2018-07-12
0504,Leonor Wolf,Leonor,Wolf,20,C,1973-09-13,Single,Male,49,2019-03-25,2018-10-04
0505,Halina Bayer,Halina,Bayer,10,C,1992-12-31,Marry,Female,31,2019-11-08,2018-06-18
0506,Franklin Shields,Franklin,Shields,10,P,1992-08-18,Single,Female,30,2019-11-23,2018-02-11
0507,Bert D'Amore,Bert,D'Amore,13,P,1994-07-30,Single,Male,42,2019-02-14,2018-11-06
0508,Donella Marquardt,Donella,Marquardt,14,P,1984-10-11,Marry,Male,39,2019-09-22,2018-10-16
0509,Juliane Krajcik,Juliane,Krajcik,13,C,1973-08-16,Single,Male,30,2019-10-14,2018-03-15
0510,Willian Romaguera,Willian,Romaguera,13,P,1980-08-14,Single,Female,41,2019-10-12,2018-05-28
0511,Susann Klein,Susann,Klein,12,C,1960-01-24,Single,Male,48,2019-11-27,2018-08-28
0512,Lincoln Yost,Lincoln,Yost,11,C,1959-04-16,Marry,Female,44,2019-07-09,2018-05-27
0513,Moon Christiansen,Moon,Christiansen,10,C,1961-06-25,Single,Female,39,2019-04-22,2018-09-06
0514,Samuel Lindgren,Samuel,Lindgren,16,C,1965-10-14,Single,Female,34,2019-04-18,2018-08-24
0515,Dusty Roberts,Dusty,Roberts,14,C,1981-07-29,Single,Male,30,2019-03-28,2018-08-09
0516,Normand O'Reilly,Normand,O'Reilly,15,P,1972-11-02,Single,Male,42,2019-08-20,2018-04-05
0517,Fernando McLaughlin,Fernando,McLaughlin,20,P,1985-05-21,Marry,Female,31,2019-03-22,2018-09-15
0518,Eldridge Conn,Eldridge,Conn,15,C,1967-11-20,Marry,Male,47,2019-10-17,2018-10-09
0519,Kareem Bode,Kareem,Bode,19,C,1991-04-19,Single,Male,31,2019-11-20,2018-11-06
0520,Tomas Carroll,Tomas,Carroll,20,C,1961-01-30,Marry,Male,41,2019-08-28,2018-08-04
0521,Rogelio Simonis,Rogelio,Simonis,13,P,1980-12-20,Marry,Male,46,2019-11-11,2018-09-09
0522,Flo Paucek,Flo,Paucek,13,C,1967-11-11,Single,Female,39,2019-03-12,2018-10-01
0523,Madalene Mann,Madalene,Mann,20,P,1971-09-24,Single,Female,36,2019-07-09,2018-11-16
0524,Su Mueller,Su,Mueller,17,C,1962-01-16,Single,Female,29,2019-02-25,2018-07-01
0525,Lanette Daugherty,Lanette,Daugherty,17,P,1975-02-27,Marry,Male,50,2019-08-01,2018-01-15
0526,Oralee Anderson,Oralee,Anderson,15,C,1958-10-25,Single,Female,28,2019-11-18,2018-11-23
0527,Deborah Anderson,Deborah,Anderson,12,C,1978-01-26,Single,Female,29,2019-05-09,2018-09-13
0528,Harland Okuneva,Harland,Okuneva,18,P,1971-07-11,Marry,Male,37,2019-12-26,2018-12-05
0529,Harvey Streich,Harvey,Streich,12,P,1967-12-30,Single,Male,43,2019-09-06,2018-01-13
0530,Ernest Hintz,Ernest,Hintz,16,P,1958-01-11,Single,Male,50,2019-10-17,2018-06-10
0531,Vicenta Kautzer,Vicenta,Kautzer,11,C,1993-03-07,Single,Male,38,2019-07-13,2018-06-23
0532,Micaela Prohaska,Micaela,Prohaska,14,C,1986-03-01,Single,Male,50,2019-06-23,2018-01-07
0533,Leticia Gleichner,Leticia,Gleichner,10,C,1989-11-09,Marry,Female,46,2019-03-31,2018-06-22
0534,Hugo Gulgowski,Hugo,Gulgowski,10,P,1987-03-07,Marry,Male,32,2019-03-08,2018-03-13
0535,Marica Gutkowski,Marica,Gutkowski,20,P,1968-08-31,Marry,Female,32,2019-08-24,2018-03-23
0536,Junior Ruecker,Junior,Ruecker,15,P,1957-06-04,Single,Male,32,2019-01-12,2018-10-29
0537,Mandy Cassin,Mandy,Cassin,15,C,1967-02-13,Single,Female,27,2019-02-01,2018-02-23
0538,Carletta Gleason,Carletta,Gleason,14,P,1976-11-19,Single,Male,39,2019-02-18,2018-10-05
0539,Diamond Marquardt,Diamond,Marquardt,17,C,1972-10-31,Marry,Female,33,2019-08-03,2018-03-05
0540,Marcelino Hudson,Marcelino,Hudson,15,C,1992-02-02,Marry,Female,50,2019-09-23,2018-01-03
0541,Lavon Stanton,Lavon,Stanton,19,C,1971-04-07,Single,Male,41,2019-10-03,2018-09-08
0542,Boris Schaden,Boris,Schaden,11,P,1980-08-20,Marry,Male,31,2019-04-07,2018-08-16
0543,Cristopher Schmeler,Cristopher,Schmeler,12,P,1961-09-30,Marry,Male,29,2019-08-16,2018-02-17
0544,Lourie Dibbert,Lourie,Dibbert,11,C,1978-10-25,Marry,Male,37,2019-04-04,2018-02-17
0545,Donovan Hickle,Donovan,Hickle,13,P,1966-08-21,Single,Female,47,2019-08-20,2018-09-13
0546,Eloy Smitham,Eloy,Smitham,18,P,1993-06-24,Single,Male,47,2019-11-08,2018-05-25
0547,Bobby Kertzmann,Bobby,Kertzmann,15,P,1960-10-23,Single,Male,44,2019-07-31,2018-12-29
0548,Melvina Koch,Melvina,Koch,12,P,1989-10-14,Single,Male,32,2019-05-04,2018-01-28
0549,Esta Gusikowski,Esta,Gusikowski,14,P,1976-07-31,Single,Male,35,2019-03-31,2018-02-02
0550,Armanda Huels,Armanda,Huels,13,C,1964-06-06,Marry,Female,48,2019-10-29,2018-09-15
0551,Bulah Dooley,Bulah,Dooley,13,P,1978-03-19,Single,Female,34,2019-04-22,2018-09-11
0552,Xochitl Leffler,Xochitl,Leffler,20,P,1976-02-06,Single,Male,44,2019-06-13,2018-10-17
0553,Rory Ferry,Rory,Ferry,20,P,1960-10-05,Single,Male,44,2019-12-01,2018-04-25
0554,Geraldo Wilkinson,Geraldo,Wilkinson,17,C,1971-02-13,Single,Male,34,2019-02-01,2018-09-23
0555,Brett Miller,Brett,Miller,18,C,1981-01-27,Marry,Male,30,2019-11-07,2018-10-10
0556,Ada Schiller,Ada,Schiller,20,P,1983-08-30,Single,Female,42,2019-09-10,2018-10-03
0557,Yoko Hessel,Yoko,Hessel,18,C,1960-10-14,Marry,Male,36,2019-06-23,2018-09-23
0558,Jaime Mante,Jaime,Mante,14,P,1963-11-10,Marry,Female,31,2019-02-06,2018-05-19
0559,Terrence Boyer,Terrence,Boyer,18,P,1966-03-22,Single,Male,47,2019-04-23,2018-11-23
0560,Stacey Schneider,Stacey,Schneider,17,P,1987-12-01,Marry,Male,35,2019-12-21,2018-10-24
0561,Jamey Cole,Jamey,Cole,13,C,1959-12-05,Single,Female,36,2019-06-22,2018-07-23
0562,Dwight Bednar,Dwight,Bednar,15,P,1974-05-15,Single,Female,37,2019-03-24,2018-09-30
0563,Twana Ernser,Twana,Ernser,10,C,1977-12-05,Single,Male,36,2019-04-10,2018-01-03
0564,Morgan Lind,Morgan,Lind,11,P,1976-01-12,Single,Male,31,2019-09-24,2018-05-09
0565,Warner Pfannerstill,Warner,Pfannerstill,19,C,1971-04-07,Marry,Male,47,2019-04-17,2018-08-24
0566,Karolyn Schaefer,Karolyn,Schaefer,12,P,1958-05-22,Marry,Female,28,2019-10-10,2018-08-19
0567,Brianne Hayes,Brianne,Hayes,15,P,1966-08-26,Marry,Female,37,2019-04-10,2018-01-03
0568,Verena Paucek,Verena,Paucek,16,C,1985-11-03,Marry,Female,37,2019-04-23,2018-04-03
0569,Denisse O'Connell,Denisse,O'Connell,20,C,1974-06-18,Single,Female,49,2019-06-25,2018-05-19
0570,Scotty Vandervort,Scotty,Vandervort,10,C,1984-05-08,Single,Female,31,2019-08-04,2018-03-07
0571,Elsy Jacobs,Elsy,Jacobs,17,P,1969-08-21,Single,Male,28,2019-09-01,2018-07-04
0572,Marg Hartmann,Marg,Hartmann,14,C,1981-08-04,Marry,Female,40,2019-03-13,2018-02-21
0573,Berna Kovacek,Berna,Kovacek,17,P,1989-06-03,Marry,Male,45,2019-03-17,2018-09-21
0574,Erwin Carter,Erwin,Carter,17,C,1994-06-19,Marry,Female,42,2019-07-03,2018-11-02
0575,Fredia Oberbrunner,Fredia,Oberbrunner,11,P,1974-07-16,Single,Female,33,2019-11-13,2018-12-28
0576,Cassi Blick,Cassi,Blick,19,P,1962-01-11,Single,Male,28,2019-03-29,2018-06-21
0577,Camila Blick,Camila,Blick,12,C,1983-10-15,Single,Female,28,2019-12-19,2018-04-26
0578,Chloe Anderson,Chloe,Anderson,12,P,1996-04-02,Marry,Male,40,2019-03-19,2018-01-20
0579,Jorge Lemke,Jorge,Lemke,20,C,1993-11-27,Marry,Female,32,2019-08-29,2018-05-21
0580,Sarina Johnson,Sarina,Johnson,11,P,1970-05-22,Marry,Male,34,2019-04-29,2018-08-14
0581,Chauncey Pfeffer,Chauncey,Pfeffer,10,C,1991-10-10,Single,Female,39,2019-05-06,2018-12-04
0582,Nathaniel Heidenreich,Nathaniel,Heidenreich,16,C,1994-02-22,Marry,Male,43,2019-11-04,2018-11-25
0583,Quinn Bahringer,Quinn,Bahringer,10,C,1980-06-02,Single,Male,39,2019-03-07,2018-02-17
0584,Brittney VonRueden,Brittney,VonRueden,20,P,1985-02-28,Marry,Male,37,2019-11-22,2018-12-16
0585,Annice Bednar,Annice,Bednar,12,P,1974-01-17,Marry,Female,48,2019-06-22,2018-11-17
0586,Sylvester McKenzie,Sylvester,McKenzie,18,C,1996-09-02,Single,Male,39,2019-09-01,2018-01-17
0587,Dustin Spinka,Dustin,Spinka,13,P,1990-08-17,Marry,Male,38,2019-06-20,2018-02-22
0588,Lynette Reilly,Lynette,Reilly,19,C,1981-12-30,Marry,Male,41,2019-08-27,2018-09-10
0589,Omar Nolan,Omar,Nolan,15,P,1987-11-10,Single,Female,27,2019-04-30,2018-08-11
0590,Elliott White,Elliott,White,16,C,1981-08-03,Single,Male,30,2019-02-07,2018-11-24
0591,Valentine Schuppe,Valentine,Schuppe,18,C,1995-12-01,Marry,Female,38,2019-10-30,2018-05-03
0592,Clarissa Stiedemann,Clarissa,Stiedemann,20,C,1973-04-25,Marry,Male,45,2019-09-28,2018-01-24
0593,Qiana Anderson,Qiana,Anderson,20,C,1963-07-21,Marry,Female,49,2019-05-05,2018-07-19
0594,Theo Wisozk,Theo,Wisozk,20,C,1968-02-23,Marry,Male,39,2019-07-28,2018-05-26
0595,Bertram Smitham,Bertram,Smitham,17,C,1974-01-26,Single,Female,44,2019-03-09,2018-04-22
0596,Ian Hayes,Ian,Hayes,11,P,1986-06-24,Single,Female,38,2019-01-17,2018-03-01
0597,Syble Skiles,Syble,Skiles,15,P,1957-02-02,Single,Male,39,2019-07-09,2018-05-28
0598,Desmond Murphy,Desmond,Murphy,14,P,1964-10-03,Single,Female,34,2019-08-20,2018-09-05
0599,Tyler Aufderhar,Tyler,Aufderhar,15,P,1957-02-24,Marry,Female,38,2019-08-04,2018-02-13
0600,Luther Weber,Luther,Weber,16,P,1963-05-28,Single,Male,34,2019-08-07,2018-07-04
0601,Rosy Ullrich,Rosy,Ullrich,15,P,1970-02-05,Marry,Female,49,2019-04-22,2018-11-18
0602,Epifania Lehner,Epifania,Lehner,11,C,1967-10-22,Single,Male,40,2019-02-16,2018-04-30
0603,Alejandro Moore,Alejandro,Moore,13,P,1959-12-12,Marry,Male,31,2019-09-01,2018-11-01
0604,Noel Gaylord,Noel,Gaylord,16,C,1981-10-27,Single,Male,43,2019-06-18,2018-08-25
0605,Cristy Lubowitz,Cristy,Lubowitz,18,C,1979-03-10,Single,Male,42,2019-11-16,2018-09-13
0606,Chantal Mills,Chantal,Mills,11,P,1965-11-24,Single,Female,27,2019-01-12,2018-11-09
0607,Obdulia Schmidt,Obdulia,Schmidt,18,P,1991-06-13,Single,Female,32,2019-10-27,2018-07-02
0608,Jeromy Labadie,Jeromy,Labadie,18,P,1975-09-28,Marry,Female,45,2019-08-31,2018-12-23
0609,Grazyna Keeling,Grazyna,Keeling,18,C,1972-02-29,Marry,Male,33,2019-02-26,2018-08-08
0610,Ollie Pagac,Ollie,Pagac,11,C,1975-04-07,Marry,Female,36,2019-10-05,2018-07-24
0611,Ok Witting,Ok,Witting,20,C,1963-04-23,Marry,Male,47,2019-01-29,2018-04-29
0612,Jorge Crooks,Jorge,Crooks,10,C,1960-08-06,Marry,Male,39,2019-07-09,2018-12-18
0613,Saundra Glover,Saundra,Glover,14,P,1986-08-10,Marry,Male,30,2019-01-24,2018-05-15
0614,Rafael Waters,Rafael,Waters,18,C,1962-10-28,Marry,Female,49,2019-06-30,2018-10-28
0615,Edmundo Rau,Edmundo,Rau,18,P,1970-12-02,Single,Female,40,2019-07-27,2018-03-14
0616,Jessie Robel,Jessie,Robel,15,C,1960-04-21,Single,Male,27,2019-11-10,2018-04-18
0617,Sanford Kerluke,Sanford,Kerluke,12,P,1970-07-25,Marry,Female,45,2019-06-23,2018-10-19
0618,Arnoldo Konopelski,Arnoldo,Konopelski,14,P,1979-03-25,Single,Female,41,2019-06-06,2018-07-06
0619,Parker Carroll,Parker,Carroll,18,P,1976-08-11,Marry,Male,30,2019-01-09,2018-04-12
0620,Shelly Mann,Shelly,Mann,11,P,1967-07-05,Marry,Male,33,2019-11-20,2018-02-11
0621,Corie Schoen,Corie,Schoen,11,C,1957-11-19,Single,Female,42,2019-01-13,2018-01-30
0622,Janetta Ratke,Janetta,Ratke,20,C,1973-03-10,Single,Male,48,2019-02-07,2018-11-13
0623,Treasa Mayert,Treasa,Mayert,17,C,1995-06-29,Single,Male,42,2019-09-13,2018-04-15
0624,Agustin Huel,Agustin,Huel,14,C,1987-06-19,Marry,Male,39,2019-03-16,2018-06-06
0625,Jeraldine Veum,Jeraldine,Veum,10,C,1989-05-18,Single,Female,32,2019-12-04,2018-11-26
0626,Claris Lakin,Claris,Lakin,20,P,1987-06-24,Single,Female,39,2019-07-13,2018-05-27
0627,Blair Dooley,Blair,Dooley,10,C,1970-07-19,Single,Male,49,2019-04-18,2018-10-30
0628,Rodrigo Jacobs,Rodrigo,Jacobs,17,C,1972-10-21,Single,Female,47,2019-04-26,2018-11-27
0629,Stacy Douglas,Stacy,Douglas,10,P,1995-09-23,Marry,Female,42,2019-02-26,2018-08-18
0630,Maribel Bruen,Maribel,Bruen,18,P,1964-06-25,Single,Male,31,2019-12-21,2018-05-23
0631,Junior Feeney,Junior,Feeney,18,C,1966-11-02,Single,Female,29,2019-08-13,2018-01-04
0632,Colin Volkman,Colin,Volkman,15,P,1961-04-05,Single,Male,40,2019-06-20,2018-05-24
0633,Korey Ruecker,Korey,Ruecker,16,C,1980-09-01,Single,Female,31,2019-12-16,2018-05-22
0634,Jae Harvey,Jae,Harvey,16,P,1987-07-09,Marry,Male,50,2019-01-28,2018-07-18
0635,Elvis Smitham,Elvis,Smitham,19,P,1957-07-03,Single,Male,47,2019-12-28,2018-08-22
0636,Lillie Franecki,Lillie,Franecki,10,P,1959-05-31,Marry,Male,39,2019-06-05,2018-03-01
0637,Tory Glover,Tory,Glover,16,P,1960-12-30,Marry,Male,48,2019-11-14,2018-02-02
0638,Brook Donnelly,Brook,Donnelly,17,P,1961-02-20,Marry,Female,28,2019-08-07,2018-03-24
0639,Meridith Rolfson,Meridith,Rolfson,11,P,1971-04-20,Marry,Female,29,2019-05-17,2018-05-15
0640,Brendan Jacobi,Brendan,Jacobi,15,P,1965-02-01,Marry,Female,49,2019-02-22,2018-11-07
0641,Zachariah Schaefer,Zachariah,Schaefer,11,C,1993-07-06,Marry,Male,29,2019-11-19,2018-06-26
0642,Oswaldo Hintz,Oswaldo,Hintz,14,P,1957-12-12,Single,Female,37,2019-02-21,2018-04-01
0643,Ned Swift,Ned,Swift,17,P,1974-06-05,Marry,Female,33,2019-10-09,2018-01-03
0644,Tu Bogisich,Tu,Bogisich,14,C,1996-03-01,Marry,Male,29,2019-07-18,2018-06-20
0645,Kennith Lowe,Kennith,Lowe,17,P,1960-02-09,Marry,Male,45,2019-10-12,2018-08-07
0646,Eddie Hayes,Eddie,Hayes,18,P,1996-07-06,Marry,Female,46,2019-02-20,2018-03-15
0647,Jeffie Wintheiser,Jeffie,Wintheiser,19,P,1961-11-02,Marry,Female,43,2019-01-11,2018-09-05
0648,Janelle Schmidt,Janelle,Schmidt,14,C,1987-05-28,Single,Male,33,2019-06-23,2018-05-26
0649,Erica Okuneva,Erica,Okuneva,17,P,1980-12-28,Single,Male,38,2019-08-19,2018-04-28
0650,Evelina Hilpert,Evelina,Hilpert,20,P,1990-02-20,Marry,Male,36,2019-12-28,2018-01-07
0651,Shanta Kling,Shanta,Kling,18,C,1959-08-09,Single,Female,45,2019-05-16,2018-06-16
0652,Lemuel Kris,Lemuel,Kris,14,P,1965-08-18,Marry,Female,48,2019-04-08,2018-12-02
0653,Jovita Blick,Jovita,Blick,14,P,1961-11-19,Single,Female,47,2019-06-18,2018-11-18
0654,Mason Upton,Mason,Upton,10,P,1984-05-30,Single,Female,32,2019-07-03,2018-06-18
0655,Chung Huels,Chung,Huels,11,P,1994-12-14,Marry,Female,43,2019-06-09,2018-02-03
0656,Jack Moen,Jack,Moen,19,C,1996-06-03,Single,Female,47,2019-11-21,2018-06-19
0657,Flora Cronin,Flora,Cronin,10,C,1966-03-28,Single,Male,29,2019-09-07,2018-01-02
0658,Shalonda Johns,Shalonda,Johns,10,C,1993-07-27,Marry,Female,43,2019-02-13,2018-07-25
0659,Kelly Schinner,Kelly,Schinner,20,C,1973-10-01,Single,Male,29,2019-08-26,2018-11-24
0660,Maxie Howe,Maxie,Howe,20,C,1970-06-17,Marry,Male,42,2019-03-02,2018-09-04
0661,Darnell Kuvalis,Darnell,Kuvalis,20,P,1994-12-08,Single,Female,40,2019-04-19,2018-12-13
0662,Mohammad Mueller,Mohammad,Mueller,17,C,1987-08-06,Marry,Male,42,2019-06-16,2018-09-26
0663,Wava Murray,Wava,Murray,19,P,1959-02-26,Marry,Male,46,2019-01-11,2018-10-28
0664,Frances Purdy,Frances,Purdy,18,C,1976-08-20,Single,Female,37,2019-08-19,2018-05-06
0665,June Wyman,June,Wyman,10,C,1993-01-24,Single,Female,42,2019-01-17,2018-02-04
0666,Rivka Jacobs,Rivka,Jacobs,16,P,1961-12-08,Single,Male,44,2019-09-24,2018-07-09
0667,Aurelio Waters,Aurelio,Waters,11,P,1983-02-08,Marry,Male,38,2019-04-06,2018-05-03
0668,Doris Moore,Doris,Moore,14,P,1979-03-31,Single,Male,45,2019-09-02,2018-10-27
0669,Hosea Gorczany,Hosea,Gorczany,18,P,1959-02-11,Single,Female,32,2019-12-22,2018-02-05
0670,Anabel Legros,Anabel,Legros,16,P,1970-12-06,Marry,Male,29,2019-12-01,2018-05-17
0671,Stanley Denesik,Stanley,Denesik,13,P,1957-05-20,Single,Female,32,2019-03-13,2018-02-16
0672,Leeanna Schaden,Leeanna,Schaden,18,P,1973-04-01,Single,Female,38,2019-06-22,2018-05-27
0673,Debby Stracke,Debby,Stracke,19,P,1965-12-04,Single,Female,45,2019-03-31,2018-08-12
0674,Jarvis Nolan,Jarvis,Nolan,13,P,1969-05-19,Marry,Female,36,2019-02-17,2018-03-22
0675,Dahlia Frami,Dahlia,Frami,15,P,1963-04-08,Single,Female,40,2019-07-04,2018-07-26
0676,Beverley Emard,Beverley,Emard,12,P,1975-01-31,Single,Female,34,2019-05-28,2018-07-25
0677,Janett Nitzsche,Janett,Nitzsche,20,P,1975-07-14,Marry,Male,35,2019-10-04,2018-11-13
0678,Byron Becker,Byron,Becker,11,P,1988-07-19,Single,Female,27,2019-07-20,2018-06-03
0679,Barton Senger,Barton,Senger,10,C,1991-09-07,Single,Male,30,2019-05-01,2018-11-19
0680,Salvatore Jakubowski,Salvatore,Jakubowski,15,C,1971-11-29,Marry,Female,43,2019-01-13,2018-04-03
0681,Javier Zboncak,Javier,Zboncak,13,C,1963-07-07,Marry,Female,42,2019-01-02,2018-10-02
0682,Nella Frami,Nella,Frami,14,P,1958-09-20,Marry,Female,38,2019-03-16,2018-05-08
0683,Angle Kling,Angle,Kling,19,C,1971-06-30,Marry,Female,43,2019-12-13,2018-01-28
0684,Devin Trantow,Devin,Trantow,13,P,1992-05-12,Single,Male,41,2019-11-11,2018-09-03
0685,Rodney Olson,Rodney,Olson,18,P,1971-10-21,Single,Female,50,2019-11-15,2018-02-04
0686,Raye Mayer,Raye,Mayer,10,C,1987-02-04,Marry,Male,31,2019-10-12,2018-10-31
0687,Philip Paucek,Philip,Paucek,13,P,1979-11-10,Marry,Male,41,2019-09-08,2018-09-29
0688,Renea Reilly,Renea,Reilly,12,P,1983-07-07,Marry,Male,34,2019-12-20,2018-09-03
0689,William Quitzon,William,Quitzon,19,C,1987-03-02,Single,Female,30,2019-06-17,2018-06-13
0690,Eli Smitham,Eli,Smitham,20,C,1969-01-14,Marry,Male,47,2019-02-06,2018-05-08
0691,Rebbecca O'Keefe,Rebbecca,O'Keefe,15,P,1970-11-25,Marry,Male,42,2019-08-26,2018-03-06
0692,Marvis Sanford,Marvis,Sanford,17,C,1960-11-03,Marry,Female,37,2019-07-20,2018-10-18
0693,Jeramy Hackett,Jeramy,Hackett,15,C,1982-08-25,Single,Female,48,2019-01-09,2018-02-05
0694,Jama Mohr,Jama,Mohr,15,C,1994-02-27,Marry,Male,39,2019-11-23,2018-10-22
0695,Felisha Hayes,Felisha,Hayes,11,C,1974-03-23,Single,Male,47,2019-02-25,2018-10-10
0696,Edison Jerde,Edison,Jerde,13,C,1957-03-27,Single,Female,30,2019-11-24,2018-01-27
0697,Tanna Collier,Tanna,Collier,19,P,1974-01-17,Marry,Male,41,2019-10-10,2018-12-25
0698,Andreas Murazik,Andreas,Murazik,15,C,1988-05-29,Single,Male,36,2019-04-23,2018-02-27
0699,Arla Huels,Arla,Huels,12,C,1979-10-01,Single,Male,50,2019-07-12,2018-11-22
0700,Mohamed Mitchell,Mohamed,Mitchell,11,P,1957-01-20,Marry,Male,44,2019-01-21,2018-03-25
0701,Joey Bergnaum,Joey,Bergnaum,13,C,1961-01-31,Single,Female,31,2019-02-17,2018-06-03
0702,Scott Crist,Scott,Crist,19,P,1967-04-09,Marry,Female,39,2019-06-03,2018-10-30
0703,Charlene Hermann,Charlene,Hermann,13,P,1967-11-04,Marry,Male,50,2019-08-27,2018-07-18
0704,Versie Adams,Versie,Adams,17,P,1976-10-13,Marry,Male,48,2019-04-02,2018-05-28
0705,Melvin Klein,Melvin,Klein,11,P,1973-06-15,Marry,Female,35,2019-12-02,2018-06-02
0706,Hung Reichert,Hung,Reichert,15,C,1982-05-22,Single,Male,49,2019-10-20,2018-05-02
0707,Chadwick Lemke,Chadwick,Lemke,19,P,1973-05-05,Marry,Female,40,2019-03-25,2018-01-28
0708,Sharmaine Abernathy,Sharmaine,Abernathy,20,C,1990-03-29,Single,Male,48,2019-05-18,2018-06-30
0709,Rolande Goyette,Rolande,Goyette,13,C,1989-05-24,Marry,Male,32,2019-02-21,2018-07-04
0710,Lurlene Funk,Lurlene,Funk,10,C,1996-04-16,Single,Female,42,2019-01-23,2018-02-28
0711,Ronnie Boyer,Ronnie,Boyer,15,P,1975-09-29,Single,Male,35,2019-11-13,2018-10-19
0712,Minna Tromp,Minna,Tromp,17,C,1980-05-13,Marry,Male,35,2019-12-09,2018-08-28
0713,Antoinette Brakus,Antoinette,Brakus,18,P,1985-06-03,Single,Male,50,2019-03-09,2018-12-09
0714,Antonia Adams,Antonia,Adams,12,P,1993-12-20,Marry,Male,29,2019-12-13,2018-02-19
0715,Erich Langworth,Erich,Langworth,20,P,1990-02-13,Marry,Female,28,2019-12-28,2018-11-18
0716,Kyra Weber,Kyra,Weber,15,C,1979-09-18,Single,Male,27,2019-08-03,2018-08-08
0717,Pedro Lindgren,Pedro,Lindgren,10,P,1962-03-16,Marry,Male,30,2019-10-05,2018-03-26
0718,Stanton Wyman,Stanton,Wyman,20,P,1962-03-21,Single,Male,29,2019-07-27,2018-08-17
0719,Kellee Hackett,Kellee,Hackett,10,C,1970-05-27,Single,Male,42,2019-10-27,2018-08-28
0720,Truman West,Truman,West,17,C,1985-06-05,Marry,Female,47,2019-06-14,2018-11-07
0721,Jeremiah Daniel,Jeremiah,Daniel,11,P,1989-09-17,Single,Male,27,2019-05-09,2018-08-17
0722,Jason Leuschke,Jason,Leuschke,17,P,1993-12-01,Marry,Female,43,2019-08-16,2018-11-25
0723,Belia Mayert,Belia,Mayert,19,P,1959-04-02,Single,Male,48,2019-06-15,2018-04-01
0724,Andy Swaniawski,Andy,Swaniawski,19,C,1966-08-17,Single,Female,50,2019-10-30,2018-10-18
0725,Drew Torp,Drew,Torp,14,C,1957-10-14,Single,Female,41,2019-05-29,2018-10-15
0726,Thuy Prosacco,Thuy,Prosacco,14,P,1967-01-24,Marry,Male,45,2019-05-22,2018-05-24
0727,Luella Bernhard,Luella,Bernhard,18,P,1979-07-29,Marry,Female,32,2019-01-13,2018-02-14
0728,Catina Bauch,Catina,Bauch,11,C,1994-04-22,Marry,Male,40,2019-01-29,2018-12-16
0729,Karen Lind,Karen,Lind,11,C,1980-09-30,Single,Female,46,2019-04-18,2018-09-23
0730,Callie Zboncak,Callie,Zboncak,11,C,1962-07-01,Single,Male,43,2019-01-17,2018-05-03
0731,Ahmed Pouros,Ahmed,Pouros,10,C,1965-04-08,Marry,Male,46,2019-07-22,2018-01-14
0732,Tonisha Crooks,Tonisha,Crooks,19,P,1966-09-27,Marry,Female,41,2019-10-01,2018-03-04
0733,Milly Pfannerstill,Milly,Pfannerstill,20,P,1971-09-29,Single,Male,32,2019-02-10,2018-07-26
0734,Twana Morar,Twana,Morar,16,C,1963-06-20,Marry,Male,33,2019-05-16,2018-10-14
0735,Archie Runolfsson,Archie,Runolfsson,12,C,1975-07-22,Single,Female,31,2019-04-26,2018-04-23
0736,Horace Deckow,Horace,Deckow,20,C,1973-04-28,Single,Female,47,2019-11-26,2018-01-21
0737,Efrain VonRueden,Efrain,VonRueden,12,P,1966-05-20,Marry,Female,40,2019-03-23,2018-06-26
0738,Lyda Dach,Lyda,Dach,17,C,1974-10-12,Marry,Male,36,2019-05-31,2018-04-06
0739,Roger Gislason,Roger,Gislason,16,C,1982-01-22,Single,Male,32,2019-06-22,2018-09-06
0740,Dannie Champlin,Dannie,Champlin,19,P,1973-06-26,Marry,Male,29,2019-03-25,2018-08-14
0741,Joshua Ziemann,Joshua,Ziemann,16,C,1973-05-11,Single,Male,38,2019-03-18,2018-05-27
0742,Malissa Mueller,Malissa,Mueller,14,P,1985-08-20,Single,Male,47,2019-12-09,2018-06-14
0743,Cherie Witting,Cherie,Witting,16,P,1976-08-27,Single,Female,45,2019-07-29,2018-09-05
0744,Kaycee Davis,Kaycee,Davis,13,P,1973-06-24,Marry,Female,43,2019-08-24,2018-03-31
0745,Theodora Beier,Theodora,Beier,16,C,1990-09-10,Marry,Female,27,2019-03-08,2018-07-22
0746,Ray Keebler,Ray,Keebler,13,P,1963-09-25,Single,Male,28,2019-05-20,2018-07-17
0747,Amal Kemmer,Amal,Kemmer,18,P,1992-06-17,Single,Male,27,2019-07-26,2018-09-25
0748,Bruce Hintz,Bruce,Hintz,12,P,1969-10-20,Marry,Male,38,2019-02-14,2018-07-22
0749,Marc Parisian,Marc,Parisian,16,C,1960-03-22,Single,Male,37,2019-03-10,2018-03-31
0750,Marylou Stamm,Marylou,Stamm,18,P,1980-12-03,Marry,Female,40,2019-01-03,2018-04-29
0751,Erminia Fay,Erminia,Fay,20,C,1969-09-19,Single,Female,49,2019-07-18,2018-05-11
0752,Terence Murphy,Terence,Murphy,14,C,1959-03-12,Marry,Male,48,2019-08-30,2018-02-25
0753,Corazon Schmitt,Corazon,Schmitt,10,C,1976-12-18,Marry,Male,50,2019-06-05,2018-05-15
0754,Kimbra Ebert,Kimbra,Ebert,18,P,1968-01-11,Single,Female,46,2019-11-14,2018-12-25
0755,Adrian Leffler,Adrian,Leffler,11,C,1969-02-06,Single,Male,34,2019-12-26,2018-02-27
0756,Jenae McClure,Jenae,McClure,19,C,1982-10-01,Marry,Female,44,2019-06-09,2018-11-17
0757,Damian Prohaska,Damian,Prohaska,19,C,1965-06-20,Marry,Male,28,2019-12-30,2018-05-18
0758,Malka Jacobi,Malka,Jacobi,10,C,1957-08-13,Marry,Female,47,2019-01-07,2018-04-17
0759,Carlie Nienow,Carlie,Nienow,14,C,1977-06-12,Marry,Male,48,2019-04-24,2018-02-20
0760,Madalene Baumbach,Madalene,Baumbach,15,C,1991-08-12,Single,Female,44,2019-02-13,2018-04-12
0761,Gavin Gulgowski,Gavin,Gulgowski,13,C,1963-02-22,Single,Male,28,2019-02-19,2018-02-28
0762,Willodean Schroeder,Willodean,Schroeder,20,P,1961-10-29,Single,Male,39,2019-05-05,2018-10-06
0763,Janelle Sanford,Janelle,Sanford,18,C,1980-02-24,Single,Male,33,2019-10-06,2018-01-08
0764,Johnny VonRueden,Johnny,VonRueden,18,C,1963-07-02,Single,Female,42,2019-12-11,2018-10-26
0765,Emil Kertzmann,Emil,Kertzmann,18,C,1977-03-02,Marry,Male,35,2019-02-18,2018-10-18
0766,Edmond Predovic,Edmond,Predovic,16,C,1990-05-27,Single,Female,46,2019-04-14,2018-05-24
0767,Casey Lind,Casey,Lind,15,P,1981-09-30,Single,Female,40,2019-07-20,2018-08-24
0768,Vennie Hahn,Vennie,Hahn,16,C,1969-05-18,Marry,Male,48,2019-10-06,2018-03-31
0769,Andria Orn,Andria,Orn,14,C,1970-11-02,Single,Female,43,2019-12-16,2018-06-25
0770,Hilton Steuber,Hilton,Steuber,16,C,1983-12-12,Marry,Male,50,2019-07-30,2018-01-18
0771,Mitchel Cassin,Mitchel,Cassin,16,C,1975-07-17,Single,Male,42,2019-05-05,2018-01-14
0772,Toshia Stokes,Toshia,Stokes,17,C,1974-05-31,Single,Male,31,2019-10-19,2018-02-28
0773,Roland Rowe,Roland,Rowe,20,C,1965-01-01,Marry,Female,50,2019-08-12,2018-07-24
0774,Royce Doyle,Royce,Doyle,19,P,1971-08-05,Single,Female,37,2019-09-23,2018-02-13
0775,Isreal Schultz,Isreal,Schultz,13,P,1965-10-25,Single,Female,50,2019-06-02,2018-01-17
0776,Soila Grant,Soila,Grant,16,P,1967-11-30,Marry,Female,30,2019-06-26,2018-06-06
0777,Jordan Carroll,Jordan,Carroll,13,C,1990-06-10,Single,Male,50,2019-02-16,2018-12-01
0778,Dallas Ondricka,Dallas,Ondricka,18,P,1986-04-28,Single,Female,29,2019-05-26,2018-05-24
0779,Rosalina Champlin,Rosalina,Champlin,14,C,1974-11-23,Single,Female,31,2019-11-26,2018-08-18
0780,Gonzalo Raynor,Gonzalo,Raynor,20,P,1963-04-13,Marry,Male,36,2019-08-25,2018-01-08
0781,Benito Hoeger,Benito,Hoeger,11,P,1991-08-06,Marry,Male,30,2019-09-28,2018-12-13
0782,Mel Gibson,Mel,Gibson,19,P,1967-07-23,Marry,Female,30,2019-02-04,2018-05-03
0783,Wayne Ryan,Wayne,Ryan,20,P,1968-06-25,Single,Male,45,2019-04-09,2018-06-08
0784,Lilly Bogan,Lilly,Bogan,15,C,1984-05-31,Single,Male,39,2019-12-01,2018-09-21
0785,Trinidad Tromp,Trinidad,Tromp,10,P,1977-06-25,Single,Male,43,2019-07-20,2018-12-09
0786,Antonietta Kerluke,Antonietta,Kerluke,13,P,1970-10-16,Marry,Female,32,2019-02-02,2018-10-08
0787,Chong Kling,Chong,Kling,13,P,1982-07-27,Marry,Male,32,2019-12-27,2018-07-01
0788,Liberty Blanda,Liberty,Blanda,16,C,1972-07-01,Marry,Female,28,2019-05-31,2018-06-15
0789,Elidia Ledner,Elidia,Ledner,11,C,1983-05-27,Single,Male,44,2019-09-02,2018-10-22
0790,Tessa Schmeler,Tessa,Schmeler,15,P,1993-09-11,Single,Male,49,2019-06-02,2018-03-09
0791,Russel Jacobi,Russel,Jacobi,17,C,1958-05-05,Marry,Male,32,2019-08-16,2018-10-12
0792,Garrett Cronin,Garrett,Cronin,16,P,1993-03-25,Marry,Male,42,2019-02-17,2018-06-16
0793,Iola Waters,Iola,Waters,19,P,1996-10-05,Marry,Male,35,2019-04-16,2018-03-17
0794,Sebastian Predovic,Sebastian,Predovic,17,P,1969-11-24,Marry,Male,35,2019-02-18,2018-09-27
0795,Carolin Stehr,Carolin,Stehr,19,C,1966-11-12,Single,Male,46,2019-07-09,2018-08-23
0796,Gaye McCullough,Gaye,McCullough,15,P,1963-12-08,Single,Female,44,2019-06-01,2018-02-02
0797,Dick Reynolds,Dick,Reynolds,10,C,1966-07-01,Single,Female,34,2019-03-11,2018-12-13
0798,Viviana Littel,Viviana,Littel,10,C,1979-10-06,Single,Male,37,2019-12-09,2018-09-06
0799,Gus Hintz,Gus,Hintz,10,C,1990-04-26,Single,Male,39,2019-04-29,2018-01-26
0800,Teddy Funk,Teddy,Funk,15,C,1967-03-07,Marry,Male,41,2019-06-16,2018-07-12
0801,Marceline Bednar,Marceline,Bednar,20,P,1995-11-12,Single,Female,47,2019-09-17,2018-01-21
0802,Maxine O'Kon,Maxine,O'Kon,17,C,1987-11-28,Single,Male,27,2019-12-04,2018-08-08
0803,Kris Brekke,Kris,Brekke,16,C,1964-06-12,Marry,Female,50,2019-06-11,2018-11-10
0804,Elden Steuber,Elden,Steuber,10,C,1984-03-14,Single,Male,35,2019-12-15,2018-11-28
0805,Kandace Kassulke,Kandace,Kassulke,15,P,1968-03-17,Single,Male,39,2019-08-04,2018-08-24
0806,Erin Stiedemann,Erin,Stiedemann,11,C,1973-03-12,Marry,Female,27,2019-04-22,2018-05-31
0807,Lucile Smith,Lucile,Smith,12,P,1990-05-08,Marry,Female,38,2019-01-11,2018-05-13
0808,Pearly Crist,Pearly,Crist,11,P,1980-02-16,Single,Male,42,2019-10-21,2018-12-23
0809,Ilse Hartmann,Ilse,Hartmann,14,C,1987-05-06,Single,Female,31,2019-04-14,2018-08-18
0810,Marilee McLaughlin,Marilee,McLaughlin,13,C,1973-01-15,Single,Male,49,2019-03-01,2018-08-16
0811,Judson Greenholt,Judson,Greenholt,17,P,1964-12-02,Single,Male,46,2019-03-03,2018-11-26
0812,Lavenia DuBuque,Lavenia,DuBuque,18,P,1973-12-08,Single,Male,30,2019-11-18,2018-06-09
0813,Brandee Bode,Brandee,Bode,17,C,1972-03-03,Single,Female,31,2019-11-09,2018-10-27
0814,Ronald Krajcik,Ronald,Krajcik,14,C,1968-10-11,Marry,Female,29,2019-03-06,2018-01-26
0815,Rex Buckridge,Rex,Buckridge,16,C,1976-12-13,Marry,Female,33,2019-09-18,2018-12-26
0816,Rosette Denesik,Rosette,Denesik,20,P,1984-12-30,Marry,Female,30,2019-08-19,2018-09-16
0817,Conception Berge,Conception,Berge,19,P,1979-10-24,Marry,Male,39,2019-06-10,2018-07-31
0818,Jesus Bechtelar,Jesus,Bechtelar,20,P,1996-07-23,Single,Female,45,2019-02-18,2018-07-05
0819,Madlyn Kunde,Madlyn,Kunde,15,C,1971-12-27,Single,Female,30,2019-04-25,2018-12-03
0820,Carlos Homenick,Carlos,Homenick,18,C,1978-03-19,Single,Female,28,2019-05-02,2018-04-06
0821,Terrence Jacobs,Terrence,Jacobs,18,P,1984-08-20,Single,Female,45,2019-10-15,2018-01-13
0822,Milda Lynch,Milda,Lynch,15,C,1977-10-12,Single,Male,36,2019-12-12,2018-12-06
0823,Lane Marquardt,Lane,Marquardt,18,P,1965-04-02,Marry,Female,50,2019-03-02,2018-05-03
0824,Randee Tillman,Randee,Tillman,17,P,1981-04-26,Marry,Female,35,2019-02-23,2018-11-30
0825,Jarrett Effertz,Jarrett,Effertz,10,P,1964-05-22,Single,Male,46,2019-03-17,2018-08-16
0826,Jorge Collier,Jorge,Collier,11,P,1980-01-19,Single,Female,47,2019-11-09,2018-04-03
0827,Yuko Swaniawski,Yuko,Swaniawski,14,C,1982-05-25,Marry,Male,39,2019-08-25,2018-09-29
0828,Kazuko DuBuque,Kazuko,DuBuque,13,C,1995-12-10,Single,Male,36,2019-02-21,2018-01-19
0829,Micki Marks,Micki,Marks,16,P,1991-05-29,Single,Female,43,2019-05-29,2018-01-30
0830,Derrick Wyman,Derrick,Wyman,14,C,1984-02-10,Single,Male,33,2019-08-18,2018-09-18
0831,Lincoln Wisozk,Lincoln,Wisozk,18,C,1986-01-19,Marry,Male,47,2019-12-05,2018-04-02
0832,Dewitt Wiegand,Dewitt,Wiegand,15,C,1975-07-09,Marry,Female,46,2019-06-02,2018-08-01
0833,Conrad O'Kon,Conrad,O'Kon,14,C,1985-07-24,Single,Male,44,2019-02-14,2018-01-14
0834,Savannah Beatty,Savannah,Beatty,14,P,1994-07-16,Single,Female,42,2019-01-09,2018-09-10
0835,Millard Goldner,Millard,Goldner,20,C,1962-11-19,Marry,Female,30,2019-12-23,2018-05-03
0836,Edmond Graham,Edmond,Graham,19,C,1977-04-18,Marry,Female,48,2019-01-25,2018-09-16
0837,Lue Wyman,Lue,Wyman,14,P,1996-04-19,Single,Male,49,2019-12-13,2018-05-11
0838,Tawana Braun,Tawana,Braun,14,P,1960-05-20,Marry,Male,28,2019-10-15,2018-02-15
0839,Rozella Lind,Rozella,Lind,11,P,1967-07-04,Marry,Male,41,2019-04-21,2018-11-19
0840,Wiley Sauer,Wiley,Sauer,14,P,1967-08-20,Single,Female,45,2019-10-27,2018-06-11
0841,Terrell Lebsack,Terrell,Lebsack,17,P,1977-01-15,Marry,Male,41,2019-06-09,2018-11-12
0842,Aisha Crona,Aisha,Crona,10,P,1972-05-23,Marry,Female,42,2019-11-18,2018-02-25
0843,Clyde Von,Clyde,Von,14,C,1968-07-09,Single,Male,38,2019-05-09,2018-11-18
0844,Margaretta Effertz,Margaretta,Effertz,13,C,1968-09-10,Marry,Female,45,2019-04-05,2018-03-24
0845,Josef Osinski,Josef,Osinski,20,C,1989-05-01,Marry,Female,35,2019-11-21,2018-07-31
0846,Joetta Barrows,Joetta,Barrows,20,P,1967-04-07,Single,Male,35,2019-05-25,2018-04-15
0847,Clemente Hessel,Clemente,Hessel,13,C,1969-05-23,Single,Female,31,2019-05-10,2018-10-17
0848,Shantay Hand,Shantay,Hand,20,C,1996-03-08,Single,Male,41,2019-10-16,2018-02-24
0849,Alejandro Bechtelar,Alejandro,Bechtelar,19,C,1994-12-20,Marry,Female,44,2019-06-07,2018-11-13
0850,Melida Kling,Melida,Kling,16,P,1970-11-08,Marry,Male,35,2019-03-31,2018-04-24
0851,Ona Anderson,Ona,Anderson,18,P,1964-07-02,Single,Female,43,2019-08-09,2018-06-02
0852,Genny Kuhn,Genny,Kuhn,17,C,1990-06-14,Marry,Female,32,2019-04-30,2018-12-14
0853,Jeannie Bergstrom,Jeannie,Bergstrom,17,C,1965-06-05,Marry,Male,43,2019-02-03,2018-03-25
0854,Jude Harvey,Jude,Harvey,13,C,1967-08-15,Marry,Male,32,2019-05-10,2018-08-02
0855,Catherine Schneider,Catherine,Schneider,19,C,1972-12-11,Marry,Female,45,2019-03-10,2018-03-15
0856,Lucia Keeling,Lucia,Keeling,17,C,1985-12-27,Single,Male,37,2019-06-08,2018-01-30
0857,Clementina Lueilwitz,Clementina,Lueilwitz,19,P,1970-07-30,Marry,Male,45,2019-05-22,2018-07-28
0858,Laine Tillman,Laine,Tillman,18,C,1988-10-25,Marry,Male,28,2019-11-24,2018-12-03
0859,Marshall Lakin,Marshall,Lakin,18,P,1970-09-12,Marry,Female,27,2019-04-14,2018-11-09
0860,Issac Heidenreich,Issac,Heidenreich,15,C,1982-09-12,Marry,Male,50,2019-04-17,2018-04-04
0861,Wilda Tromp,Wilda,Tromp,16,P,1962-05-22,Single,Male,38,2019-08-17,2018-08-21
0862,Lamar Wiegand,Lamar,Wiegand,16,C,1969-02-23,Single,Male,33,2019-10-19,2018-04-21
0863,Raisa Kautzer,Raisa,Kautzer,13,C,1994-03-27,Single,Female,46,2019-02-07,2018-12-05
0864,Brandee Hackett,Brandee,Hackett,17,P,1961-01-18,Marry,Male,27,2019-10-07,2018-08-21
0865,Johnson Anderson,Johnson,Anderson,16,P,1983-02-08,Marry,Female,32,2019-07-14,2018-01-10
0866,Domonique Bruen,Domonique,Bruen,16,P,1971-12-18,Marry,Male,41,2019-11-19,2018-04-02
0867,Kevin Leffler,Kevin,Leffler,15,P,1988-09-16,Single,Female,30,2019-01-26,2018-03-21
0868,Jeanna Feil,Jeanna,Feil,17,P,1993-12-21,Single,Male,28,2019-03-15,2018-02-19
0869,Rolf McDermott,Rolf,McDermott,13,P,1968-11-26,Marry,Female,31,2019-09-20,2018-07-19
0870,Bobbye Collins,Bobbye,Collins,14,C,1959-11-02,Marry,Male,32,2019-11-22,2018-04-24
0871,Blaine O'Conner,Blaine,O'Conner,13,P,1993-04-23,Marry,Male,40,2019-01-11,2018-05-06
0872,Roni Doyle,Roni,Doyle,13,P,1969-11-20,Single,Male,40,2019-07-15,2018-04-21
0873,Barbra Lehner,Barbra,Lehner,13,P,1967-02-14,Single,Female,45,2019-05-21,2018-05-22
0874,Dwight Gutkowski,Dwight,Gutkowski,14,C,1986-09-24,Marry,Male,33,2019-08-08,2018-12-18
0875,Cornell King,Cornell,King,12,C,1990-02-26,Single,Female,37,2019-02-05,2018-01-09
0876,Johanna McGlynn,Johanna,McGlynn,20,P,1985-06-29,Marry,Male,46,2019-05-26,2018-03-23
0877,Maynard Abshire,Maynard,Abshire,11,P,1981-01-16,Marry,Female,29,2019-07-09,2018-12-30
0878,Jeanetta Ziemann,Jeanetta,Ziemann,16,P,1967-06-18,Marry,Male,43,2019-03-08,2018-01-13
0879,Bernardo Parker,Bernardo,Parker,19,C,1969-03-26,Single,Male,41,2019-04-03,2018-11-08
0880,Lucius Schuppe,Lucius,Schuppe,10,C,1959-07-25,Single,Female,44,2019-09-09,2018-11-26
0881,Lewis Ortiz,Lewis,Ortiz,20,C,1970-10-19,Marry,Female,48,2019-09-18,2018-01-11
0882,Luciano Waters,Luciano,Waters,11,P,1959-10-05,Single,Male,38,2019-06-11,2018-12-21
0883,Zenaida Mayer,Zenaida,Mayer,11,P,1957-12-09,Marry,Female,50,2019-07-07,2018-01-01
0884,Chester Hermiston,Chester,Hermiston,11,P,1976-01-22,Marry,Female,42,2019-07-05,2018-11-20
0885,Wm Muller,Wm,Muller,11,P,1976-02-26,Single,Female,31,2019-11-07,2018-01-09
0886,Raven Kessler,Raven,Kessler,17,C,1969-07-07,Single,Female,42,2019-12-14,2018-11-04
0887,Shellie Weber,Shellie,Weber,15,P,1996-12-25,Single,Male,33,2019-02-24,2018-06-27
0888,Trina Walker,Trina,Walker,10,P,1985-06-09,Single,Male,30,2019-09-13,2018-03-11
0889,Daren Klein,Daren,Klein,12,P,1963-03-21,Single,Male,37,2019-05-12,2018-08-15
0890,Vera Friesen,Vera,Friesen,16,P,1970-05-22,Single,Female,31,2019-10-03,2018-10-26
0891,Johnson Olson,Johnson,Olson,17,P,1972-07-31,Marry,Female,48,2019-07-10,2018-06-07
0892,Osvaldo Kovacek,Osvaldo,Kovacek,18,C,1984-03-09,Marry,Male,33,2019-03-24,2018-12-22
0893,Francisco Murphy,Francisco,Murphy,17,P,1961-05-19,Marry,Male,49,2019-09-03,2018-05-06
0894,Debroah Zulauf,Debroah,Zulauf,20,P,1987-11-29,Marry,Female,29,2019-04-19,2018-12-30
0895,Oswaldo Swaniawski,Oswaldo,Swaniawski,20,P,1986-08-11,Marry,Female,48,2019-05-20,2018-11-20
0896,Wally Waelchi,Wally,Waelchi,13,C,1985-10-27,Single,Male,43,2019-08-03,2018-06-30
0897,Elease Nolan,Elease,Nolan,10,C,1969-04-20,Single,Male,29,2019-10-01,2018-11-26
0898,Isidro Padberg,Isidro,Padberg,12,P,1963-07-25,Marry,Female,38,2019-05-20,2018-01-30
0899,Janice Brakus,Janice,Brakus,14,P,1988-12-22,Marry,Female,48,2019-11-23,2018-10-27
0900,Les Yost,Les,Yost,13,P,1994-10-26,Single,Female,45,2019-12-03,2018-06-29
0901,Hector Schinner,Hector,Schinner,15,P,1978-09-28,Marry,Female,27,2019-12-28,2018-07-06
0902,Emilio Romaguera,Emilio,Romaguera,20,P,1957-02-26,Single,Female,49,2019-01-12,2018-01-10
0903,Nguyet Bins,Nguyet,Bins,19,P,1995-03-02,Marry,Female,34,2019-08-23,2018-07-02
0904,James Moen,James,Moen,16,C,1996-12-19,Marry,Female,44,2019-08-03,2018-03-29
0905,Mack Wisoky,Mack,Wisoky,10,P,1969-05-25,Marry,Female,49,2019-04-24,2018-11-01
0906,Amberly Larson,Amberly,Larson,13,C,1995-01-09,Marry,Female,43,2019-12-25,2018-02-08
0907,Blair Veum,Blair,Veum,16,P,1976-12-27,Marry,Male,36,2019-02-03,2018-10-23
0908,Lee Zulauf,Lee,Zulauf,16,P,1957-03-21,Marry,Male,38,2019-03-08,2018-08-27
0909,Eilene Hudson,Eilene,Hudson,18,P,1976-09-08,Marry,Male,32,2019-03-05,2018-04-22
0910,Jacob Ratke,Jacob,Ratke,15,P,1983-05-08,Single,Male,38,2019-01-20,2018-03-28
0911,Jenell Grady,Jenell,Grady,18,P,1972-12-29,Marry,Female,38,2019-09-15,2018-05-14
0912,Remedios Batz,Remedios,Batz,20,P,1977-01-20,Single,Male,49,2019-09-05,2018-04-11
0913,Hipolito Nader,Hipolito,Nader,20,C,1972-01-08,Marry,Male,27,2019-08-02,2018-06-02
0914,Sadie Reichert,Sadie,Reichert,14,C,1977-09-06,Marry,Male,30,2019-04-11,2018-04-22
0915,Chester Haley,Chester,Haley,17,C,1958-11-26,Single,Male,47,2019-05-07,2018-11-23
0916,Maya Fisher,Maya,Fisher,18,P,1968-09-05,Marry,Female,43,2019-02-03,2018-07-11
0917,Carter Lueilwitz,Carter,Lueilwitz,11,C,1983-04-07,Marry,Female,41,2019-10-15,2018-07-21
0918,Cassidy Fisher,Cassidy,Fisher,15,C,1960-05-07,Marry,Female,38,2019-06-26,2018-06-06
0919,Julius Pagac,Julius,Pagac,18,C,1965-04-25,Marry,Female,28,2019-09-15,2018-04-10
0920,Myesha Smitham,Myesha,Smitham,18,P,1995-03-16,Marry,Female,42,2019-04-22,2018-07-02
0921,Ronni Pouros,Ronni,Pouros,13,C,1959-06-12,Single,Female,36,2019-07-29,2018-05-16
0922,Lloyd Walter,Lloyd,Walter,19,P,1995-12-03,Marry,Female,34,2019-02-12,2018-12-05
0923,Napoleon Green,Napoleon,Green,14,P,1980-12-06,Single,Female,31,2019-12-31,2018-09-14
0924,Tyron Dickens,Tyron,Dickens,14,C,1993-06-04,Marry,Male,28,2019-03-09,2018-02-01
0925,Marion West,Marion,West,12,P,1958-09-07,Single,Female,48,2019-07-27,2018-02-18
0926,Dante Kozey,Dante,Kozey,14,P,1987-11-10,Single,Male,38,2019-11-12,2018-08-08
0927,Ward Fisher,Ward,Fisher,15,P,1966-03-07,Marry,Male,31,2019-04-25,2018-12-09
0928,German Jacobi,German,Jacobi,13,C,1975-10-17,Marry,Male,49,2019-01-06,2018-12-21
0929,Hermina Reichert,Hermina,Reichert,13,C,1988-02-25,Single,Female,29,2019-09-19,2018-06-16
0930,Sulema Hackett,Sulema,Hackett,18,P,1961-08-29,Marry,Female,41,2019-11-24,2018-11-18
0931,Elouise Goldner,Elouise,Goldner,17,C,1969-01-31,Single,Female,43,2019-11-28,2018-03-05
0932,Gia Reichert,Gia,Reichert,12,C,1996-02-22,Marry,Male,39,2019-03-12,2018-07-31
0933,Lora Schneider,Lora,Schneider,10,P,1994-02-22,Marry,Male,43,2019-01-29,2018-09-17
0934,Renato Beer,Renato,Beer,18,P,1989-02-14,Single,Female,40,2019-05-29,2018-02-12
0935,Fermin Wilderman,Fermin,Wilderman,16,C,1990-07-19,Single,Female,40,2019-08-10,2018-06-19
0936,Johnie Cummings,Johnie,Cummings,15,C,1979-04-01,Single,Female,32,2019-12-31,2018-12-13
0937,Kittie Dickens,Kittie,Dickens,15,P,1986-11-10,Single,Male,34,2019-08-06,2018-08-24
0938,Lissette Sipes,Lissette,Sipes,16,C,1996-07-21,Single,Male,39,2019-01-13,2018-10-01
0939,Christoper Turner,Christoper,Turner,15,P,1960-05-20,Single,Male,38,2019-10-12,2018-01-31
0940,Mckenzie Gaylord,Mckenzie,Gaylord,13,C,1957-02-17,Single,Male,33,2019-03-30,2018-05-20
0941,Lucila Mohr,Lucila,Mohr,10,C,1962-03-26,Marry,Male,29,2019-08-08,2018-08-01
0942,Cristi Carroll,Cristi,Carroll,15,C,1980-04-13,Single,Female,49,2019-05-12,2018-12-02
0943,Sherman Zieme,Sherman,Zieme,14,P,1989-08-12,Marry,Female,34,2019-01-05,2018-03-17
0944,Chanell O'Conner,Chanell,O'Conner,12,C,1962-03-18,Single,Male,49,2019-09-11,2018-03-14
0945,Marian Koss,Marian,Koss,17,C,1990-06-18,Single,Female,30,2019-05-06,2018-10-16
0946,Chance Anderson,Chance,Anderson,18,P,1977-01-14,Marry,Male,29,2019-11-29,2018-02-09
0947,Ray Schamberger,Ray,Schamberger,13,C,1964-10-23,Single,Female,35,2019-09-23,2018-04-14
0948,Alexia Hessel,Alexia,Hessel,14,P,1975-03-18,Marry,Male,43,2019-08-30,2018-11-20
0949,Roscoe Macejkovic,Roscoe,Macejkovic,13,C,1985-10-26,Marry,Female,37,2019-03-11,2018-12-26
0950,Arnold Strosin,Arnold,Strosin,20,C,1966-07-05,Marry,Female,31,2019-06-27,2018-01-04
0951,Jayson Hane,Jayson,Hane,10,C,1974-05-24,Single,Female,33,2019-04-27,2018-04-28
0952,Nerissa Armstrong,Nerissa,Armstrong,12,C,1982-03-29,Single,Male,48,2019-10-13,2018-03-06
0953,Earle Hessel,Earle,Hessel,18,P,1979-07-19,Marry,Female,43,2019-02-13,2018-06-07
0954,Coleman Wiza,Coleman,Wiza,20,C,1986-10-20,Single,Female,50,2019-05-27,2018-07-29
0955,Helena Carter,Helena,Carter,14,P,1974-01-27,Marry,Female,30,2019-06-09,2018-12-01
0956,Zada Hammes,Zada,Hammes,15,P,1985-09-06,Single,Female,40,2019-04-16,2018-12-01
0957,William Bode,William,Bode,19,P,1977-04-03,Marry,Male,49,2019-07-17,2018-07-14
0958,Katrina Blick,Katrina,Blick,18,P,1962-11-26,Marry,Female,39,2019-05-01,2018-07-05
0959,Pierre Bernier,Pierre,Bernier,19,C,1987-12-09,Single,Female,33,2019-02-05,2018-10-10
0960,Raphael Schimmel,Raphael,Schimmel,14,C,1959-12-12,Single,Female,44,2019-10-17,2018-02-24
0961,Laree Pagac,Laree,Pagac,15,P,1981-08-05,Marry,Female,39,2019-08-15,2018-06-19
0962,Edwardo Simonis,Edwardo,Simonis,16,P,1975-10-20,Single,Male,29,2019-10-26,2018-05-15
0963,Lourie Cole,Lourie,Cole,19,P,1982-01-19,Marry,Male,50,2019-11-14,2018-09-21
0964,Linnie Kassulke,Linnie,Kassulke,17,P,1995-11-10,Marry,Female,46,2019-11-11,2018-11-02
0965,Antwan Hoppe,Antwan,Hoppe,12,P,1965-09-11,Single,Female,45,2019-11-17,2018-03-21
0966,Valentin Schoen,Valentin,Schoen,20,P,1990-03-26,Single,Female,40,2019-01-01,2018-06-12
0967,Fae Spencer,Fae,Spencer,12,P,1957-12-07,Marry,Male,31,2019-05-22,2018-03-12
0968,Coretta Stanton,Coretta,Stanton,11,P,1975-03-29,Single,Female,39,2019-02-27,2018-04-27
0969,Stephani Lueilwitz,Stephani,Lueilwitz,20,C,1983-11-06,Single,Male,33,2019-01-30,2018-12-15
0970,Khalilah Ratke,Khalilah,Ratke,16,C,1985-02-15,Single,Female,32,2019-11-23,2018-06-16
0971,Luigi Morar,Luigi,Morar,19,C,1970-07-09,Single,Female,37,2019-06-27,2018-06-24
0972,Donette Hahn,Donette,Hahn,12,C,1966-01-26,Single,Male,39,2019-09-19,2018-01-22
0973,Elliott Fritsch,Elliott,Fritsch,16,C,1971-06-07,Marry,Female,49,2019-08-17,2018-07-21
0974,Kaleigh Dickens,Kaleigh,Dickens,12,C,1958-03-17,Marry,Female,42,2019-12-07,2018-01-27
0975,Giovanni Gleason,Giovanni,Gleason,13,C,1994-01-29,Single,Female,48,2019-04-20,2018-12-21
0976,Dann Lind,Dann,Lind,14,P,1985-01-14,Marry,Female,40,2019-09-21,2018-07-06
0977,Damon Rau,Damon,Rau,16,P,1985-09-06,Single,Male,39,2019-04-19,2018-08-26
0978,Vella Weissnat,Vella,Weissnat,14,C,1959-09-28,Marry,Male,40,2019-08-10,2018-03-13
0979,Shalonda Quigley,Shalonda,Quigley,10,C,1974-11-09,Marry,Female,44,2019-12-06,2018-06-08
0980,Monty Doyle,Monty,Doyle,16,C,1975-11-07,Single,Female,37,2019-12-06,2018-09-01
0981,Telma Gutkowski,Telma,Gutkowski,14,C,1957-10-19,Marry,Female,29,2019-09-06,2018-01-15
0982,Roderick Lindgren,Roderick,Lindgren,11,P,1993-03-13,Marry,Female,35,2019-04-22,2018-05-21
0983,Lily Dibbert,Lily,Dibbert,13,C,1994-08-30,Single,Female,31,2019-01-28,2018-07-21
0984,Von Kessler,Von,Kessler,16,C,1979-08-07,Marry,Male,33,2019-02-01,2018-12-16
0985,Velvet Jacobson,Velvet,Jacobson,15,C,1995-08-01,Marry,Female,44,2019-09-08,2018-02-13
0986,Garnett Conroy,Garnett,Conroy,14,C,1962-02-20,Marry,Male,44,2019-06-21,2018-09-05
0987,Guy Waters,Guy,Waters,17,C,1957-12-27,Single,Male,31,2019-10-26,2018-01-19
0988,Hosea Howe,Hosea,Howe,17,C,1978-03-01,Single,Female,38,2019-06-09,2018-01-27
0989,Kellee Beatty,Kellee,Beatty,16,C,1988-01-31,Single,Female,45,2019-01-06,2018-05-17
0990,Herta Hessel,Herta,Hessel,18,C,1981-08-09,Marry,Male,50,2019-01-13,2018-11-30
0991,Lupe Bode,Lupe,Bode,12,P,1980-02-09,Marry,Male,32,2019-11-28,2018-01-26
0992,Chris Labadie,Chris,Labadie,13,C,1965-05-01,Marry,Male,29,2019-07-12,2018-11-24
0993,Stefanie Brakus,Stefanie,Brakus,17,C,1965-02-24,Single,Male,30,2019-09-12,2018-09-27
0994,Herman Kunde,Herman,Kunde,18,P,1966-11-02,Single,Female,30,2019-08-25,2018-11-10
0995,Alix Farrell,Alix,Farrell,12,P,1969-01-18,Marry,Male,49,2019-11-26,2018-06-23
0996,Joseph Miller,Joseph,Miller,18,C,1960-08-26,Single,Male,46,2019-10-14,2018-07-17
0997,Isaiah Wintheiser,Isaiah,Wintheiser,18,C,1985-06-11,Single,Female,39,2019-07-11,2018-12-13
0998,Margie O'Connell,Margie,O'Connell,16,C,1988-09-18,Single,Female,45,2019-04-25,2018-08-09
0999,Deshawn Hodkiewicz,Deshawn,Hodkiewicz,12,C,1974-05-31,Single,Female,33,2019-06-04,2018-01-03
1000,Man Keeling,Man,Keeling,10,P,1978-08-24,Marry,Female,44,2019-11-03,2018-03-01
